Pathway ID,Pathway Name,Pathway Size,KEGG ID Count,Associated Genes,P-Value
mmu00983,       Drug metabolism - other enzymes - Mus musculus (house mouse),95,15,"15452, 23917, 23918, 229363, 22017, 22436, 16434, 13897, 104158, 13884, 234564, 75704, 12623, 244595, 382044, 234669, 234671, 234673, 72361, 436059, 22238, 22236, 94284, 94215, 394434, 394430, 394432, 394433, 72094, 552899, 71773, 394435, 394436, 100727, 231396, 100559, 112417, 243085, 613123, 110006, 72269, 72962, 99586, 64705, 103149, 22271, 76654, 80914, 22245, 68556, 57813, 21877, 22247, 66588, 20133, 382985, 20135, 54369, 18103, 56520, 79059, 171567, 18102, 110074, 17523, 17960, 17961, 17962, 13106, 14858, 14859, 14860, 14862, 14863, 14866, 14867, 14871, 14872, 14873, 14864, 66447, 14857, 56615, 68214, 68312, 14865, 211666, 100042295, 100042314, 103140, 75886, 14870, 14869, 225884, 100042625",3.024721213248121e-19
mmu00480,       Glutathione metabolism - Mus musculus (house mouse),73,13,"207182, 71522, 14598, 23887, 110175, 69065, 68044, 75475, 14629, 14630, 14854, 66988, 16790, 14858, 14859, 14860, 14862, 14863, 14866, 14867, 14871, 14872, 14873, 14864, 66447, 14857, 56615, 68214, 68312, 14865, 211666, 100042295, 100042314, 103140, 75886, 14870, 14869, 225884, 100042625, 76263, 54486, 14768, 68396, 66116, 100043497, 100504710, 93673, 93674, 69049, 14782, 15926, 269951, 110208, 14380, 14381, 66073, 625249, 14775, 14776, 14778, 14780, 67305, 75512, 69590, 11758, 320769, 18263, 332942, 20810, 20603, 20133, 382985, 20135",1.5150729856961422e-17
mmu05200,       Pathways in cancer - Mus musculus (house mouse),548,24,"13176, 12367, 12371, 72993, 12550, 12387, 12386, 216033, 12385, 12005, 12006, 11789, 23805, 56637, 21414, 21415, 21416, 16842, 11799, 17869, 12443, 22408, 22413, 22414, 22415, 22416, 22417, 22418, 22419, 22420, 22421, 22422, 20890, 22423, 216795, 22412, 22410, 22409, 22411, 93735, 14362, 14369, 57265, 14365, 14366, 14367, 14370, 14368, 93897, 14371, 16973, 16974, 13544, 13542, 13543, 14296, 27412, 212398, 14061, 11606, 14062, 14065, 14745, 53978, 65086, 78134, 381810, 67168, 11607, 11608, 14673, 14674, 69632, 213498, 16801, 269608, 11848, 67653, 19877, 19878, 20315, 12767, 14677, 14679, 14678, 19216, 19217, 19218, 19219, 14683, 432530, 210044, 104111, 104110, 224129, 11512, 11513, 11514, 11515, 18747, 18749, 14688, 14693, 14695, 14696, 14697, 14702, 14704, 14706, 14707, 102633809, 14708, 14709, 14700, 66066, 14701, 100503710, 64337, 14699, 14710, 12826, 12827, 12829, 94216, 12830, 12828, 16772, 16773, 16774, 16776, 16775, 16777, 16779, 16780, 226519, 16782, 23928, 14268, 16398, 16399, 16400, 16403, 16410, 16412, 14083, 18706, 18707, 74769, 18709, 18708, 18710, 19211, 18095, 11651, 11652, 23797, 12675, 16150, 16151, 18035, 18033, 18034, 19697, 19225, 18126, 12043, 11797, 11796, 11798, 329581, 12048, 22029, 22030, 22031, 22032, 22033, 22034, 56717, 58988, 72508, 12015, 56458, 17246, 22059, 12576, 12575, 110279, 11350, 12928, 12929, 12402, 20850, 20851, 18712, 18715, 16644, 385643, 13614, 12061, 12062, 13617, 13618, 14682, 14672, 18795, 18797, 18798, 18796, 18750, 18751, 18752, 16183, 16187, 16189, 16191, 16193, 16196, 16159, 16160, 16163, 16168, 83430, 13856, 15962, 15965, 15967, 15968, 15969, 15970, 15972, 15964, 242519, 230396, 404549, 15974, 242517, 230398, 15978, 16184, 16185, 16186, 16188, 16190, 12984, 12983, 16192, 16194, 16195, 16197, 16161, 16162, 16164, 16169, 209590, 13857, 15975, 15976, 15979, 15980, 78798, 11682, 19419, 19395, 240168, 233046, 16451, 16452, 16453, 20848, 20846, 20847, 20849, 20852, 22339, 22340, 18654, 22341, 14205, 21802, 13645, 13649, 13866, 18590, 18591, 18595, 18596, 16000, 16002, 16001, 17311, 16590, 14256, 14255, 15234, 17295, 14164, 14173, 14174, 14175, 14176, 14178, 14179, 14180, 14165, 80903, 14171, 14172, 80857, 67112, 14177, 14170, 56636, 64654, 14182, 14183, 14184, 14186, 14784, 20662, 20663, 15461, 16653, 18176, 11836, 109880, 110157, 26395, 26396, 26413, 26417, 16476, 14281, 23871, 83995, 83996, 17390, 17395, 12567, 73086, 19713, 76551, 27057, 18211, 59069, 108989, 21787, 56289, 54354, 58231, 13143, 13144, 69635, 18803, 234779, 13712, 12313, 80796, 12315, 12314, 70405, 494124, 75600, 108058, 12325, 12323, 12322, 19730, 56044, 64143, 19765, 12540, 19353, 19354, 170758, 18806, 18805, 26419, 26420, 26414, 18510, 19016, 20181, 20182, 20183, 218772, 13982, 13983, 17977, 17979, 20683, 19015, 16480, 235320, 19401, 12428, 12427, 18854, 12394, 12395, 20375, 12606, 12982, 12986, 12978, 12578, 13555, 242705, 13557, 17187, 22642, 12579, 12571, 12444, 12445, 54124, 66197, 624855, 102640775, 21402, 26965, 56438, 27401, 12566, 12447, 12448, 19645, 13197, 17873, 23882, 12028, 12018, 107986, 27015, 21752, 21748, 17342, 21803, 21808, 21809, 21812, 21813, 17126, 17127, 17128, 14013, 13016, 13017, 15182, 433759, 17350, 17685, 17686, 17688, 12190, 19361, 14103, 14102, 14082, 12370, 12122, 58801, 170770, 12125, 13063, 13067, 11783, 12369, 50868, 18024, 15368, 18104, 14858, 14859, 14860, 14862, 14863, 14866, 14867, 14871, 14872, 14873, 14864, 66447, 14857, 56615, 68214, 68312, 14865, 211666, 100042295, 100042314, 103140, 75886, 14870, 14869, 225884, 100042625, 50493, 232223, 26462, 22346, 67923, 102631956, 102637110, 67673, 71745, 112407, 112406, 112405, 14194, 15251, 13819, 11863, 11864, 12914, 328572, 20525, 16449, 16450, 13388, 13389, 54485, 18128, 18129, 18131, 18132, 15205, 15208, 56198, 15213, 15214, 14257, 20423, 19206, 319757, 16576, 24069, 14632, 14633, 14634, 12156, 12159, 15245, 19207, 11835, 15519, 15516, 22027",5.980814926119601e-17
mmu00240,       Pyrimidine metabolism - Mus musculus (house mouse),56,9,"69719, 56749, 22247, 66588, 22169, 54369, 18103, 56520, 79059, 171567, 18102, 633979, 12495, 215446, 72090, 76025, 67464, 100862375, 12499, 12497, 18605, 209558, 66401, 51797, 55936, 80914, 22245, 68556, 76952, 70881, 230718, 50773, 103850, 66763, 23959, 22271, 76654, 68106, 107569, 72269, 20133, 382985, 20135, 66422, 69692, 13178, 320685, 21915, 110074, 72962, 57813, 21877, 22171, 99586, 64705, 103149",4.4317011198682725e-12
mmu05208,       Chemical carcinogenesis - reactive oxygen species - Mus musculus (house mouse),229,13,"57344, 14858, 14859, 14860, 14862, 14863, 14866, 14867, 14871, 14872, 14873, 14864, 66447, 14857, 56615, 68214, 68312, 14865, 211666, 100042295, 100042314, 103140, 75886, 17716, 17717, 17718, 17719, 17720, 17721, 17722, 17995, 72900, 78330, 54405, 17991, 66091, 17992, 407790, 68202, 100502727, 67130, 66416, 68375, 66108, 67273, 70316, 102634451, 69875, 66414, 67184, 102631912, 68198, 66495, 68194, 100042503, 100041273, 66046, 230075, 66916, 67264, 66218, 68342, 104130, 227197, 226646, 68349, 17993, 595136, 407785, 623286, 75406, 225887, 66377, 68197, 66945, 67680, 66052, 66925, 66694, 17711, 66445, 22273, 67003, 66576, 67530, 22272, 66152, 102633050, 66594, 17710, 17708, 17709, 12857, 84682, 12858, 102633230, 12859, 12861, 12862, 110323, 333182, 12864, 12866, 12865, 20463, 66142, 78174, 12867, 12868, 12869, 75483, 11946, 11947, 11949, 66043, 67126, 17705, 11950, 11951, 67942, 228033, 71679, 28080, 11957, 17706, 20656, 22333, 22334, 22335, 11739, 11740, 73333, 105675, 20655, 12359, 231583, 13521, 171429, 320718, 13077, 13106, 13107, 13076, 13078, 13849, 13850, 71932, 384214, 58810, 77337, 18104, 12408, 11622, 76113, 50490, 13057, 237038, 17969, 17970, 13645, 13649, 15234, 17295, 14784, 20662, 20663, 15461, 16653, 18176, 11836, 109880, 110157, 26395, 26396, 26413, 26417, 26408, 26398, 26400, 26419, 26420, 26414, 26416, 19094, 29857, 26415, 16476, 14281, 18709, 18708, 18710, 18706, 18707, 74769, 19353, 18607, 11651, 11652, 23797, 56484, 12015, 19246, 19211, 12675, 16150, 16151, 18035, 19697, 18033, 18753, 19271, 11431, 19247, 20779, 11350, 11352, 18760, 75292, 101540, 14083, 18806, 18805, 53859, 15251, 11863, 22339, 50868, 18024, 15368",5.2158943915654566e-11
mmu00770,       Pantothenate and CoA biosynthesis - Mus musculus (house mouse),21,5,"211347, 74450, 75735, 106564, 66812, 18605, 209558, 71743, 67618, 22361, 26464, 12035, 12036, 99586, 64705, 103149, 73748, 246277, 11669, 11671, 72535",3.697087951508781e-08
mmu00230,       Purine metabolism - Mus musculus (house mouse),134,8,"74167, 66358, 53893, 72157, 66681, 19139, 110639, 328099, 75456, 231327, 14450, 237823, 67054, 11564, 108147, 11821, 76952, 70881, 230718, 50773, 103850, 66763, 23959, 18950, 667034, 210808, 15452, 23917, 23918, 54369, 18103, 56520, 79059, 171567, 18102, 633979, 12495, 215446, 72090, 76025, 67464, 100862375, 12499, 12497, 75686, 73532, 16434, 22436, 66401, 229363, 66355, 105446, 14544, 14923, 20133, 382985, 20135, 69692, 27369, 13178, 68695, 229589, 432530, 210044, 104111, 104110, 224129, 11512, 11513, 11514, 11515, 271639, 60596, 234889, 239134, 54195, 14917, 14919, 14918, 245650, 73707, 18160, 230103, 18573, 18574, 18575, 207728, 54611, 18576, 242202, 225600, 18587, 110855, 18582, 18588, 78600, 18585, 23984, 241489, 11565, 11566, 11717, 109674, 229665, 11534, 11486, 11637, 11639, 11636, 229949, 78801, 68870, 102216272, 56248, 12496, 66566, 18605, 209558, 18577, 18578, 110385, 238871, 18583, 29863, 218461, 18584, 14198, 224794, 23972, 23971, 22262, 76974, 231903, 94041",2.0906035499284092e-07
mmu05133,       Pertussis - Mus musculus (house mouse),77,6,"16402, 16412, 16409, 16414, 16415, 12313, 80796, 12315, 12314, 70405, 494124, 75600, 11848, 67653, 12631, 12632, 12367, 12369, 12362, 66824, 216799, 16176, 12259, 12260, 12262, 50909, 667277, 317677, 50908, 12263, 12268, 625018, 12266, 15139, 12258, 12269, 22789, 17087, 21898, 12475, 117149, 17874, 266632, 16179, 22034, 18033, 19697, 225471, 106759, 54131, 26416, 19094, 29857, 26415, 26419, 26420, 26414, 26413, 26417, 14281, 16476, 16193, 16159, 16160, 83430, 21926, 16153, 16362, 15900, 20387, 14677, 14679, 14678, 20311, 107607, 16175, 18126",1.548177355911121e-06
mmu00590,       Arachidonic acid metabolism - Mus musculus (house mouse),88,6,"26971, 18778, 18781, 18784, 18782, 26970, 66350, 69836, 26565, 18780, 237625, 329502, 18783, 211429, 232889, 78390, 271844, 53357, 665270, 225845, 19224, 19225, 64292, 96979, 56351, 12408, 12409, 109857, 66469, 15446, 21391, 19215, 54486, 19223, 11689, 16993, 225791, 77219, 67103, 17001, 14598, 23887, 625249, 13106, 665095, 230459, 100066, 74519, 13109, 242546, 13110, 546837, 71519, 13118, 13117, 13119, 435802, 230639, 666168, 100040843, 277753, 11684, 11685, 23801, 11686, 11688, 13088, 13089, 13090, 13094, 243881, 13097, 13098, 13099, 226143, 13095, 226105, 13096, 72082, 72303, 69888, 107141, 404195, 433247, 100043108, 545288, 13850, 11687",3.395583404729118e-06
mmu04151,       PI3K-Akt signaling pathway - Mus musculus (house mouse),367,10,"13645, 21802, 13874, 11839, 14164, 14173, 14174, 14175, 14176, 14178, 14179, 14180, 14165, 80903, 14171, 14172, 80857, 67112, 14177, 14170, 56636, 64654, 18048, 18049, 12064, 18205, 78405, 16334, 16333, 16000, 16002, 18590, 18591, 54635, 71785, 12977, 17311, 14256, 22339, 22340, 18654, 22341, 14205, 15234, 11600, 11601, 11602, 13636, 13637, 13639, 13640, 13638, 14573, 18188, 11876, 19197, 13649, 13866, 13867, 13869, 14182, 14183, 14184, 14186, 18053, 18211, 18212, 16337, 16001, 18595, 18596, 12978, 16590, 14255, 14254, 14257, 16542, 17295, 21687, 13836, 19713, 14784, 20662, 20663, 15461, 16653, 18176, 110157, 26395, 26396, 26413, 26417, 16367, 24088, 21898, 19353, 20963, 12478, 83490, 14599, 19109, 19111, 28078, 18413, 16183, 16187, 16193, 16189, 16196, 15962, 15965, 15967, 15968, 15969, 15970, 15972, 15964, 242519, 230396, 404549, 15974, 242517, 230398, 15977, 13856, 12985, 14600, 19116, 18414, 16184, 16185, 16186, 16188, 16194, 16190, 16197, 15975, 15976, 13857, 12986, 16451, 16452, 16453, 12842, 12843, 12824, 12826, 12827, 12829, 94216, 12830, 12828, 12834, 12833, 245026, 12835, 68553, 665033, 12839, 12840, 12841, 16772, 16773, 16774, 16776, 16775, 16777, 16779, 16780, 226519, 16782, 23928, 12643, 19699, 21825, 12845, 21826, 21827, 21828, 14268, 20750, 22370, 21923, 21960, 329278, 81877, 22371, 15891, 109700, 16398, 16399, 16400, 16401, 16402, 16403, 16404, 241226, 104099, 213119, 319480, 16410, 16412, 16416, 192897, 16419, 16420, 16421, 320910, 14083, 18706, 18707, 74769, 18709, 18708, 18710, 14062, 12669, 243764, 14745, 53978, 65086, 78134, 381810, 67168, 14688, 14693, 14695, 14696, 14697, 14702, 14704, 14706, 14707, 102633809, 14708, 14709, 14700, 66066, 14701, 100503710, 64337, 14699, 14710, 30955, 320207, 104709, 18607, 20869, 105787, 108079, 74747, 64930, 22084, 19744, 56716, 56717, 74370, 13685, 13684, 26987, 218268, 58988, 72508, 75705, 20104, 216036, 18750, 320795, 109333, 263803, 20393, 27219, 170755, 11651, 11652, 23797, 14924, 50791, 19211, 75778, 19052, 19053, 51792, 73699, 52432, 72930, 269643, 71978, 100039815, 100039830, 59032, 235542, 19054, 225849, 26931, 21770, 26932, 226849, 15519, 15516, 22027, 12539, 74343, 98432, 244650, 21432, 27379, 27380, 27381, 17763, 18127, 12189, 56637, 14936, 232493, 18534, 74551, 14377, 14378, 68401, 17869, 12443, 12575, 12576, 12566, 12567, 12571, 12444, 12445, 12447, 12448, 56484, 19651, 14103, 12125, 22631, 54401, 22630, 100039786, 22627, 22629, 22628, 12015, 12048, 12043, 12371, 12912, 11909, 11911, 12913, 26427, 208647, 208677, 78284, 231991, 12915, 17210, 20181, 15370, 16151, 12675, 16150, 19697, 18033, 17863, 17246, 22059",8.15933883842191e-06
mmu05014,       Amyotrophic lateral sclerosis - Mus musculus (house mouse),375,10,"22059, 12362, 12122, 12043, 12048, 12028, 12015, 11783, 13063, 13067, 12371, 12367, 20655, 17716, 17717, 17718, 17719, 17720, 17721, 17722, 17995, 72900, 78330, 54405, 17991, 66091, 17992, 407790, 68202, 100502727, 67130, 66416, 68375, 66108, 67273, 70316, 102634451, 69875, 66414, 67184, 102631912, 68198, 66495, 68194, 100042503, 100041273, 66046, 230075, 66916, 67264, 66218, 68342, 104130, 227197, 226646, 68349, 17993, 595136, 407785, 623286, 75406, 225887, 66377, 68197, 66945, 67680, 66052, 66925, 66694, 17711, 66445, 22273, 67003, 66576, 67530, 22272, 66152, 102633050, 66594, 17710, 17708, 17709, 12857, 84682, 12858, 102633230, 12859, 12861, 12862, 110323, 333182, 12864, 12866, 12865, 20463, 66142, 78174, 12867, 12868, 12869, 75483, 11946, 11947, 11949, 66043, 67126, 17705, 11950, 11951, 67942, 228033, 71679, 28080, 11957, 17706, 22333, 53333, 641376, 215999, 68943, 50873, 71648, 18412, 66734, 67443, 56480, 21353, 218460, 237782, 73205, 17274, 67790, 19324, 56717, 22241, 29869, 68118, 51897, 12421, 228361, 56208, 75669, 100504663, 641340, 225326, 329015, 76559, 52639, 74781, 74018, 271457, 19353, 68942, 103199, 214585, 19057, 19055, 19056, 19058, 19059, 56085, 244178, 54609, 94232, 269523, 67819, 26443, 19166, 26441, 26444, 73677, 26442, 26440, 19167, 19175, 19177, 26446, 26445, 19173, 19170, 19172, 19181, 19179, 23996, 67089, 19182, 19184, 21762, 70247, 22123, 67151, 66997, 69077, 66413, 17463, 23997, 19185, 59029, 57296, 56436, 20422, 15185, 230908, 233908, 15382, 229279, 545091, 53379, 20239, 233871, 17184, 11727, 11731, 219033, 503844, 11730, 630952, 433702, 21681, 56009, 100043292, 100861880, 20383, 225027, 53319, 170722, 83454, 245610, 56488, 237082, 74412, 108989, 18141, 218210, 269966, 66679, 110379, 72124, 234865, 103468, 69736, 59015, 445007, 69912, 18226, 71844, 269113, 71805, 70699, 227699, 170762, 69482, 54563, 77595, 72787, 107939, 195236, 227720, 19069, 19386, 269254, 103172, 14828, 56491, 226641, 13198, 78943, 22433, 22030, 26408, 12364, 13666, 13665, 11911, 16440, 18391, 21926, 21937, 21938, 13163, 26397, 26399, 26416, 19094, 29857, 26415, 18125, 12460, 14775, 14776, 14778, 14780, 67305, 75512, 69590, 12359, 19132, 18039, 18040, 380684, 18643, 18645, 75477, 382562, 11465, 11461, 11750, 11744, 16572, 16573, 16574, 16593, 16594, 232943, 74764, 22145, 22144, 22142, 22146, 22147, 22143, 53857, 238463, 227613, 22151, 22152, 22153, 67951, 22154, 545486, 73710, 13191, 69654, 53598, 67665, 59288, 22428, 54130, 226977, 56444, 15114, 110084, 381917, 327954, 227058, 110082, 330355, 237806, 13411, 110083, 13417, 627872, 56087, 69926, 240960, 100101919, 75563, 68922, 432611, 105000, 54152, 20511, 18126, 14799, 14800, 14810, 14811, 14812, 14813, 14814, 211323, 100042150, 18183, 83961, 13869",9.841739304210483e-06
mmu00040,       Pentose and glucuronate interconversions - Mus musculus (house mouse),36,4,"110006, 16591, 22238, 22236, 94284, 94215, 394434, 394430, 394432, 394433, 72094, 552899, 71773, 394435, 394436, 100727, 231396, 100559, 112417, 243085, 613123, 22235, 216558, 58810, 68631, 66646, 102448, 11997, 14187, 11677, 67861, 67880, 20322, 71755, 75578, 75847",2.269194333265962e-05
mmu00260,"       Glycine, serine and threonine metabolism - Mus musculus (house mouse)",40,4,"71776, 20425, 108037, 11611, 76238, 235582, 18648, 56012, 12183, 236539, 107272, 100678, 26912, 58865, 11656, 11655, 17161, 109731, 11754, 237940, 104174, 434437, 13382, 68133, 13142, 268782, 67092, 14431, 218865, 110695, 12116, 74129, 19193, 192166, 14711, 12411, 107869, 231691, 257635, 27364",3.4707992401099725e-05
mmu04068,       FoxO signaling pathway - Mus musculus (house mouse),132,6,"21803, 21808, 21809, 21812, 21813, 17128, 17127, 20869, 105787, 108079, 19079, 108097, 19082, 241113, 108099, 18099, 27401, 17246, 73251, 12914, 328572, 93759, 252870, 20528, 26419, 26420, 26414, 58231, 16000, 16001, 16334, 16333, 16337, 16367, 384783, 16369, 16370, 18706, 18707, 74769, 18709, 18708, 18710, 18607, 12675, 16150, 19211, 11651, 11652, 23797, 20393, 27219, 170755, 56458, 56484, 54601, 329934, 14816, 26557, 26556, 26558, 216439, 27373, 16193, 16153, 20848, 13645, 13649, 14784, 20662, 20663, 15461, 16653, 18176, 109880, 110157, 11836, 26395, 26396, 26413, 26417, 26416, 19094, 29857, 26415, 12566, 15469, 15228, 268697, 434175, 12442, 209091, 12443, 12444, 12452, 12579, 12581, 12575, 12576, 19651, 18817, 20620, 12795, 20873, 13197, 17873, 23882, 14103, 12125, 22035, 12053, 12176, 67526, 57436, 56486, 93739, 12359, 20656, 11920, 18534, 74551, 14377, 14378, 68401, 16197, 16598, 13609, 13611, 19373, 19374, 66822, 67731",3.478646081542457e-05
mmu05022,       Pathways of neurodegeneration - multiple diseases - Mus musculus (house mouse),481,10,"11820, 17762, 20617, 230908, 233908, 20655, 20239, 233871, 15194, 20238, 52335, 110616, 19122, 12669, 12671, 213788, 20743, 14816, 108071, 14682, 50873, 18795, 18797, 18798, 18796, 18803, 18750, 18751, 18752, 22065, 18391, 16438, 16439, 16440, 20190, 20191, 20192, 18610, 13385, 14810, 14811, 14812, 14813, 14814, 14799, 14800, 53623, 14802, 12287, 12288, 12289, 54652, 12292, 20907, 11441, 11937, 53313, 11938, 19164, 19165, 67819, 269523, 22186, 78294, 102631952, 22187, 22190, 26443, 19166, 26441, 26444, 73677, 26442, 26440, 19167, 19175, 19177, 26446, 26445, 19173, 19170, 19172, 19181, 19179, 23996, 67089, 19182, 19184, 21762, 70247, 22123, 67151, 66997, 69077, 66413, 17463, 23997, 19185, 59029, 57296, 56436, 20422, 22223, 22202, 22201, 74153, 22195, 100040961, 108167877, 100502680, 56791, 140499, 56228, 22213, 67128, 14763, 18951, 67847, 14828, 56491, 226641, 13198, 22433, 78943, 22030, 26408, 26400, 26419, 26420, 26414, 12364, 269881, 13666, 13665, 11911, 13162, 68943, 17716, 17717, 17718, 17719, 17720, 17721, 17722, 17995, 72900, 78330, 54405, 17991, 66091, 17992, 407790, 68202, 100502727, 67130, 66416, 68375, 66108, 67273, 70316, 102634451, 69875, 66414, 67184, 102631912, 68198, 66495, 68194, 100042503, 100041273, 66046, 230075, 66916, 67264, 66218, 68342, 104130, 227197, 226646, 68349, 17993, 595136, 407785, 623286, 75406, 225887, 66377, 68197, 66945, 67680, 66052, 66925, 66694, 17711, 66445, 22273, 67003, 66576, 67530, 22272, 66152, 102633050, 66594, 17710, 17708, 17709, 12857, 84682, 12858, 102633230, 12859, 12861, 12862, 110323, 333182, 12864, 12866, 12865, 20463, 66142, 78174, 12867, 12868, 12869, 75483, 11946, 11947, 11949, 66043, 67126, 17705, 11950, 11951, 67942, 228033, 71679, 28080, 11957, 17706, 12043, 22333, 53333, 641376, 215999, 12313, 80796, 12315, 12314, 70405, 494124, 75600, 19057, 19055, 19056, 19058, 19059, 12015, 14103, 14102, 14082, 12370, 12122, 12028, 12018, 66725, 64704, 68015, 22334, 22335, 11739, 11740, 73333, 105675, 13063, 13067, 11783, 12371, 12367, 215114, 73916, 15108, 67738, 57320, 12048, 67414, 170731, 71648, 18412, 66734, 67443, 56480, 21353, 218460, 237782, 73205, 17274, 67790, 19324, 56717, 22241, 29869, 68118, 51897, 12421, 228361, 56208, 75669, 100504663, 641340, 225326, 329015, 76559, 52639, 74781, 217695, 74018, 271457, 19353, 68942, 103199, 214585, 21926, 21937, 21938, 13163, 26397, 26399, 26416, 19094, 29857, 26415, 18125, 12460, 14775, 14776, 14778, 14780, 67305, 75512, 69590, 12359, 19132, 18039, 18040, 380684, 16572, 16573, 16574, 16593, 16594, 232943, 74764, 22145, 22144, 22142, 22146, 22147, 22143, 53857, 238463, 227613, 22151, 22152, 22153, 67951, 22154, 545486, 73710, 56637, 12995, 13000, 13001, 12064, 13191, 69654, 53598, 67665, 59288, 22428, 54130, 226977, 56444, 15114, 110084, 381917, 327954, 227058, 110082, 330355, 237806, 13411, 110083, 13417, 627872, 56087, 69926, 240960, 100101919, 75563, 68922, 432611, 105000, 54152, 108058, 12325, 12323, 12322, 12333, 12334, 12569, 12568, 12369, 13380, 56811, 234130, 22408, 22413, 22414, 22415, 22416, 22417, 22418, 22419, 22420, 22421, 22422, 20890, 22423, 216795, 22412, 22410, 22409, 22411, 93735, 14362, 14369, 57265, 14365, 14366, 14367, 14370, 14368, 93897, 14371, 16973, 16974, 27373, 13544, 13542, 13543, 14296, 27412, 212398, 12005, 12006, 11789, 23805, 12387, 93687, 11596, 15461, 16653, 18176, 11836, 109880, 110157, 26395, 26396, 26413, 26417, 237038, 13058, 50490, 19697, 18033, 18126, 19225, 16193, 16175, 16176, 12977",8.100465066382117e-05
mmu04976,       Bile secretion - Mus musculus (house mouse),101,5,"13849, 28250, 28248, 108096, 28254, 435927, 625716, 28253, 20493, 108114, 19879, 20517, 15357, 20778, 16835, 320024, 13122, 20186, 20181, 23957, 22238, 22236, 94284, 94215, 394434, 394430, 394432, 394433, 72094, 552899, 71773, 394435, 394436, 100727, 231396, 100559, 112417, 243085, 613123, 20859, 629203, 434121, 638251, 76971, 434264, 629219, 26459, 12012, 209186, 230161, 64008, 11833, 27409, 67470, 27413, 12780, 26357, 12349, 20535, 18671, 18669, 18670, 20544, 232156, 76408, 239273, 106407, 330962, 140492, 11928, 98660, 232975, 27222, 67821, 11931, 11932, 11933, 11936, 20287, 319229, 14683, 432530, 210044, 104111, 104110, 224129, 11512, 11513, 11514, 11515, 18747, 18749, 12638, 54403, 11829, 11826, 20494, 20537, 333669, 105243, 20525",0.00010722202485434461
mmu04934,       Cushing syndrome - Mus musculus (house mouse),162,6,"12918, 12921, 12922, 14683, 432530, 210044, 104111, 104110, 224129, 11512, 11513, 11514, 11515, 18747, 18749, 12912, 11909, 11911, 12913, 26427, 208647, 208677, 78284, 231991, 12915, 17283, 23808, 213464, 69544, 140858, 214162, 381022, 12580, 12579, 12578, 12567, 12571, 12443, 19645, 13555, 242705, 13557, 19416, 14677, 14679, 14678, 11622, 114230, 11632, 11863, 12576, 12566, 12447, 12448, 12575, 12288, 12289, 54652, 12292, 108058, 12325, 12323, 12322, 109905, 215449, 109880, 26395, 26396, 26413, 26417, 15370, 13649, 84092, 18976, 17200, 77037, 218461, 18584, 241489, 26423, 20683, 18514, 110115, 13072, 13074, 20845, 320024, 233912, 11606, 11607, 11608, 14682, 14672, 18795, 18797, 18798, 18796, 16438, 16439, 16440, 16526, 12291, 58226, 239556, 109305, 16492, 16527, 16835, 20778, 13070, 15495, 15496, 15493, 15492, 15497, 100043456, 100043461, 15494, 13079, 14194, 22408, 22413, 22414, 22415, 22416, 22417, 22418, 22419, 22420, 22421, 22422, 20890, 22423, 216795, 22412, 22410, 22409, 22411, 93735, 14362, 14369, 57265, 14365, 14366, 14367, 14370, 14368, 93897, 14371, 13544, 13542, 13543, 56637, 12005, 12006, 12387, 11789, 23805, 21414, 21415, 21416, 16842",0.0001085672336081957
mmu00270,       Cysteine and methionine metabolism - Mus musculus (house mouse),55,4,"107869, 229905, 70266, 12411, 12116, 64918, 238505, 11720, 232087, 108645, 11702, 100041585, 20810, 20603, 66902, 210808, 67873, 56369, 67870, 104923, 234724, 14204, 100470, 100328588, 73988, 14711, 13433, 13435, 13436, 269378, 229709, 74340, 11615, 12035, 12036, 268782, 14629, 14630, 14854, 12583, 14718, 76615, 14719, 246221, 22117, 16828, 16832, 16833, 106557, 17449, 17448, 231691, 257635, 236539, 107272",0.00012279332379378858
mmu00290,"       Valine, leucine and isoleucine biosynthesis - Mus musculus (house mouse)",4,2,"231691, 257635, 12035, 12036",0.00012603299350871897
mmu04928,"       Parathyroid hormone synthesis, secretion and action - Mus musculus (house mouse)",116,5,"12374, 14677, 14679, 14678, 432530, 210044, 104111, 104110, 224129, 11512, 11513, 11514, 11515, 14682, 14672, 18795, 18797, 18798, 18796, 16438, 16439, 16440, 14531, 107889, 16658, 14462, 20683, 22337, 20181, 20182, 20183, 64654, 14182, 16591, 26413, 26417, 13653, 19226, 20393, 69847, 75607, 232341, 279561, 108737, 53416, 20497, 19227, 19228, 18750, 18751, 18752, 194352, 20505, 20531, 142681, 26941, 14683, 18577, 18578, 110385, 238871, 18747, 18749, 13115, 13081, 17258, 17260, 17261, 74499, 18227, 17938, 16478, 12097, 12095, 12096, 16973, 16974, 12912, 11909, 12913, 26427, 208647, 208677, 78284, 11911, 231991, 12915, 21943, 12043, 12575, 14281, 12393, 17386, 14673, 14674, 16801, 213498, 75547, 11848, 67653, 18806, 18805, 109689, 216869, 11836, 109880, 110157, 26395, 17387, 17388, 17389, 23948, 17391, 240047, 15200, 13649",0.00020550136017400084
mmu00310,       Lysine degradation - Mus musculus (house mouse),64,4,"30956, 110695, 23923, 209692, 78920, 13382, 270076, 97212, 74147, 93747, 15107, 110460, 110446, 224530, 235386, 72947, 19193, 73582, 214162, 381022, 231051, 75410, 69188, 233904, 208043, 73251, 213389, 192195, 226830, 69726, 12180, 20937, 64707, 110147, 77683, 84505, 239122, 107303348, 110593, 14055, 14056, 74729, 18193, 107823, 234135, 235626, 208266, 67956, 225518, 232811, 225888, 14013, 70673, 192289, 11669, 11671, 72535, 56752, 170442, 18822, 26432, 26433, 234407, 269132",0.00022156118657691275
mmu05012,       Parkinson disease - Mus musculus (house mouse),274,7,"11540, 14680, 14683, 13489, 14677, 14679, 14678, 224129, 18747, 18749, 13488, 22202, 22201, 74153, 22186, 78294, 102631952, 22187, 22190, 22195, 100040961, 108167877, 100502680, 56791, 140499, 56228, 22213, 67128, 50873, 20617, 14763, 18951, 67847, 26443, 19166, 26441, 26444, 73677, 26442, 26440, 19167, 19175, 19177, 26446, 26445, 19173, 19170, 19172, 19181, 19179, 23996, 67089, 19182, 19184, 21762, 70247, 22123, 67151, 66997, 69077, 66413, 17463, 23997, 19185, 59029, 57296, 56436, 20422, 22223, 12313, 80796, 12315, 12314, 70405, 494124, 75600, 108058, 12325, 12323, 12322, 17762, 20192, 16438, 16439, 16440, 18803, 14828, 226641, 13198, 78943, 22433, 13666, 13665, 11911, 21823, 17161, 109731, 13162, 110877, 214084, 18174, 214922, 106947, 30791, 72027, 72002, 106957, 14977, 67547, 328133, 227059, 69806, 277468, 68427, 213053, 17716, 17717, 17718, 17719, 17720, 17721, 17722, 17995, 72900, 78330, 54405, 17991, 66091, 17992, 407790, 68202, 100502727, 67130, 66416, 68375, 66108, 67273, 70316, 102634451, 69875, 66414, 67184, 102631912, 68198, 66495, 68194, 100042503, 100041273, 66046, 230075, 66916, 67264, 66218, 68342, 104130, 227197, 226646, 68349, 17993, 595136, 407785, 623286, 75406, 225887, 66377, 68197, 66945, 67680, 66052, 66925, 66694, 17711, 66445, 22273, 67003, 66576, 67530, 22272, 66152, 102633050, 66594, 17710, 17708, 17709, 12857, 84682, 12858, 102633230, 12859, 12861, 12862, 110323, 333182, 12864, 12866, 12865, 20463, 66142, 78174, 12867, 12868, 12869, 75483, 11946, 11947, 11949, 66043, 67126, 17705, 11950, 11951, 67942, 228033, 71679, 28080, 11957, 17706, 68943, 215999, 66725, 64704, 68015, 22333, 22334, 22335, 11739, 11740, 73333, 105675, 13063, 13067, 11783, 12371, 12367, 57320, 12048, 12028, 67414, 170731, 16572, 16573, 16574, 16593, 16594, 232943, 74764, 22145, 22144, 22142, 22146, 22147, 22143, 53857, 238463, 227613, 22151, 22152, 22153, 67951, 22154, 545486, 73710, 22059, 19252, 18024, 22166, 56551, 13163, 26408, 26419, 26420, 26414, 20655, 50868",0.000289108275397365
mmu05031,       Amphetamine addiction - Mus musculus (house mouse),69,4,"21823, 13195, 110877, 214084, 17161, 109731, 13162, 12288, 12289, 14810, 14811, 14812, 14813, 14814, 242443, 170483, 14799, 14800, 53623, 14802, 13488, 18750, 18751, 18752, 20907, 108058, 12325, 12323, 12322, 12313, 80796, 12315, 12314, 70405, 494124, 75600, 12326, 14683, 224129, 18747, 18749, 19049, 19045, 19046, 19047, 434233, 12912, 11909, 11911, 12913, 26427, 208647, 208677, 78284, 231991, 12915, 18610, 11838, 14281, 19057, 19055, 19056, 19058, 19059, 16476, 14282, 93759, 15182, 433759",0.0002961555985014898
mmu04917,       Prolactin signaling pathway - Mus musculus (house mouse),74,4,"19109, 19111, 28078, 19116, 16452, 20416, 216148, 20418, 271849, 20779, 18706, 18707, 74769, 18709, 18708, 18710, 11651, 11652, 23797, 56484, 14430, 14784, 20662, 20663, 15461, 16653, 18176, 110157, 26395, 26396, 26413, 26417, 14281, 26419, 26420, 26414, 26416, 19094, 29857, 26415, 12443, 56637, 12700, 12703, 216233, 12702, 67296, 56468, 192157, 54607, 20846, 20848, 20850, 20851, 21943, 21934, 18033, 19697, 22373, 13711, 12991, 12640, 16866, 16867, 13074, 13982, 13983, 16362, 21823, 20526, 103988, 12444, 16334, 16333",0.00038724436903880317
mmu00053,       Ascorbate and aldarate metabolism - Mus musculus (house mouse),31,3,"22235, 22238, 22236, 94284, 94215, 394434, 394430, 394432, 394433, 72094, 552899, 71773, 394435, 394436, 100727, 231396, 100559, 112417, 243085, 613123, 110006, 16591, 56727, 58810, 19733, 268756, 11669, 11671, 72535, 110695, 56752",0.00039238022906362815
mmu04936,       Alcoholic liver disease - Mus musculus (house mouse),141,5,"12259, 12260, 12262, 12263, 12268, 625018, 12266, 12267, 15139, 12273, 16803, 12475, 17087, 21898, 117149, 17874, 266632, 16179, 22034, 66513, 68652, 26409, 12675, 16150, 16151, 18035, 19697, 18033, 21926, 16176, 16193, 16159, 16160, 106759, 22031, 56489, 56480, 54131, 15962, 15965, 15967, 15968, 15969, 15970, 15972, 15964, 242519, 230396, 404549, 15974, 242517, 230398, 15977, 16171, 16172, 171095, 14825, 20310, 330122, 14103, 14102, 14082, 21937, 71609, 12370, 12367, 19766, 66724, 20787, 14104, 107476, 20249, 20250, 30049, 329065, 14245, 64899, 64898, 387213, 93759, 101214, 20462, 11450, 72674, 68465, 207565, 105787, 108079, 19079, 108097, 19082, 241113, 108099, 56458, 56484, 19017, 19013, 12894, 11370, 11364, 80911, 11430, 14080, 11522, 11529, 26876, 11532, 11669, 11671, 72535, 110695, 56752, 13106, 100705, 56690, 12895, 78070, 50490, 11651, 11652, 23797, 56637, 12387, 21414, 21415, 21416, 16842, 12443, 26408, 26398, 26400, 26419, 26420, 26414, 26397, 26399, 26416, 19094, 29857, 26415, 53859",0.0005054751857010961
mmu04621,       NOD-like receptor signaling pathway - Mus musculus (house mouse),216,6,"107607, 192656, 16151, 12675, 16150, 18036, 18035, 18033, 19697, 16176, 16173, 16193, 21926, 14825, 20310, 330122, 20296, 20293, 20304, 12796, 13237, 13239, 13240, 382059, 66298, 68009, 13216, 13218, 13219, 13221, 13222, 13226, 382000, 497114, 13238, 100294660, 23855, 100041890, 100505096, 100041811, 626708, 100041895, 100041759, 100041787, 100038927, 100041688, 100041952, 13236, 100862126, 503491, 626682, 665927, 634825, 100503970, 665956, 13223, 56519, 116746, 27358, 244332, 257632, 26409, 66513, 68652, 66724, 26413, 26417, 26419, 26420, 26414, 26416, 19094, 29857, 26415, 16476, 77040, 11793, 67526, 57436, 56486, 93739, 66734, 67443, 67955, 106025, 24105, 268749, 11798, 239319, 22051, 59079, 11797, 11796, 22030, 22033, 22034, 332579, 21929, 228607, 22031, 56480, 56489, 21353, 54131, 54123, 15962, 15965, 15967, 15968, 15969, 15970, 15972, 15964, 242519, 230396, 404549, 15974, 242517, 230398, 15977, 270151, 71914, 69538, 195046, 637515, 66824, 12362, 12043, 12048, 13030, 216799, 55991, 18439, 28240, 58800, 22368, 12374, 210198, 18795, 18797, 18798, 18796, 16438, 16439, 16440, 22333, 22334, 22335, 215999, 246730, 246728, 246727, 23961, 23960, 24014, 216877, 67414, 170731, 19766, 56532, 74006, 59027, 13058, 13057, 56338, 22166, 56551, 59125, 210766, 368203, 15519, 15516, 106512, 15944, 54396, 54483, 19200, 12370, 14082, 12364, 101613, 378425, 17940, 17951, 17952, 53880, 17948, 268973, 18753, 14469, 14468, 229898, 383619, 15951, 27223, 11848, 67653, 320795, 109333, 22627, 55932, 229900, 12363, 69146, 15975, 15976, 16451, 54721, 20846, 20847, 16391, 21898, 106759, 17874, 266632, 72512",0.0005105953788564445
mmu05016,       Huntington disease - Mus musculus (house mouse),308,7,"12757, 74325, 67300, 215114, 11772, 11771, 71770, 11773, 232910, 15194, 13191, 69654, 53598, 67665, 59288, 22428, 54130, 226977, 56444, 15114, 110084, 381917, 327954, 227058, 110082, 330355, 237806, 13411, 110083, 13417, 627872, 56087, 69926, 240960, 100101919, 75563, 68922, 432611, 105000, 54152, 22145, 22144, 22142, 22146, 22147, 22143, 53857, 238463, 227613, 22151, 22152, 22153, 67951, 22154, 545486, 73710, 26419, 26420, 26414, 16572, 16573, 16574, 16593, 16594, 232943, 74764, 73916, 12370, 12367, 108071, 14682, 18795, 18797, 18798, 18796, 20907, 12287, 14810, 14812, 16438, 13385, 14799, 14800, 53623, 14802, 21817, 20512, 20511, 16513, 19712, 20466, 217864, 15182, 433759, 20020, 231329, 20021, 69241, 66420, 69833, 67710, 245841, 69920, 66491, 20022, 17749, 12064, 12914, 328572, 72504, 228980, 21374, 237336, 227606, 20683, 12912, 12913, 26427, 208647, 208677, 78284, 231991, 19017, 19016, 21780, 18181, 20655, 20656, 14775, 14776, 14778, 14780, 67305, 75512, 69590, 22227, 22059, 12028, 170770, 17716, 17717, 17718, 17719, 17720, 17721, 17722, 17995, 72900, 78330, 54405, 17991, 66091, 17992, 407790, 68202, 100502727, 67130, 66416, 68375, 66108, 67273, 70316, 102634451, 69875, 66414, 67184, 102631912, 68198, 66495, 68194, 100042503, 100041273, 66046, 230075, 66916, 67264, 66218, 68342, 104130, 227197, 226646, 68349, 17993, 595136, 407785, 623286, 75406, 225887, 66377, 68197, 66945, 67680, 66052, 66925, 66694, 17711, 66445, 22273, 67003, 66576, 67530, 22272, 66152, 102633050, 66594, 17710, 17708, 17709, 12857, 84682, 12858, 102633230, 12859, 12861, 12862, 110323, 333182, 12864, 12866, 12865, 20463, 66142, 78174, 12867, 12868, 12869, 75483, 11946, 11947, 11949, 66043, 67126, 17705, 11950, 11951, 67942, 228033, 71679, 28080, 11957, 17706, 22333, 22334, 22335, 11739, 11740, 73333, 105675, 13063, 13067, 11783, 12371, 26443, 19166, 26441, 26444, 73677, 26442, 26440, 19167, 19175, 19177, 26446, 26445, 19173, 19170, 19172, 19181, 19179, 23996, 67089, 19182, 19184, 21762, 70247, 22123, 67151, 66997, 69077, 66413, 17463, 23997, 19185, 59029, 57296, 56436, 20422, 269881, 78943, 22030, 26408, 26400, 56717, 22241, 29869, 68118, 51897, 12421, 228361, 56208, 75669, 100504663, 641340, 225326, 329015, 76559, 52639, 74781",0.0005816303993642024
mmu05231,       Choline metabolism in cancer - Mus musculus (house mouse),98,4,"13645, 18590, 18591, 54635, 71785, 13649, 18595, 18596, 14784, 20662, 20663, 15461, 16653, 18176, 110157, 26395, 26396, 26413, 26417, 19730, 26419, 26420, 26414, 329502, 18783, 211429, 232889, 78390, 271844, 18706, 18707, 74769, 18709, 18708, 18710, 18607, 11651, 11652, 23797, 64930, 22084, 19744, 56717, 58988, 72508, 13685, 18717, 18719, 18720, 22376, 19353, 19354, 170758, 83767, 242687, 245880, 20683, 18806, 18805, 63993, 100434, 70129, 242259, 68682, 213603, 20517, 20518, 20519, 20520, 56517, 30805, 12660, 12651, 15251, 16476, 14281, 13026, 236899, 212862, 18803, 19012, 50784, 67916, 13139, 110197, 110524, 104418, 217480, 56077, 320127, 380921, 227333, 331374, 18750, 18751, 18752, 18777, 74182",0.001116669550220405
mmu00920,       Sulfur metabolism - Mus musculus (house mouse),11,2,"23972, 23971, 23827, 242291, 211389, 59010, 66071, 246221, 22117, 20342, 20341",0.0011310904592154016
mmu00860,       Porphyrin metabolism - Mus musculus (house mouse),47,3,"11656, 11655, 67417, 107508, 17025, 15288, 22276, 22275, 12892, 19044, 14151, 70383, 226139, 77697, 15368, 15369, 109778, 233016, 22238, 22236, 94284, 94215, 394434, 394430, 394432, 394433, 72094, 552899, 71773, 394435, 394436, 100727, 231396, 100559, 112417, 243085, 613123, 110006, 15159, 12870, 15203, 244698, 14297, 14319, 14325, 434624, 67634",0.0013414100622632483
mmu05030,       Cocaine addiction - Mus musculus (house mouse),48,3,"21823, 13195, 110877, 214084, 17161, 109731, 13162, 13488, 14683, 108068, 108069, 14677, 14679, 14678, 13489, 224129, 18747, 18749, 67839, 19739, 12912, 11909, 11911, 12913, 26427, 208647, 208677, 78284, 231991, 12915, 18610, 12064, 16476, 14282, 18033, 19697, 12568, 12569, 14810, 14811, 14812, 14813, 14814, 242443, 170483, 13385, 19049, 14800",0.0014260492308123078
mmu04974,       Protein digestion and absorption - Mus musculus (house mouse),108,4,"58803, 436522, 22072, 67373, 103964, 100040208, 100040233, 22074, 73626, 436523, 22073, 114228, 66473, 109660, 13706, 67868, 242711, 109697, 232680, 12873, 76703, 56373, 105243, 56643, 11928, 98660, 232975, 27222, 67821, 11931, 11932, 11933, 11936, 16534, 16529, 57442, 16535, 100040591, 67760, 17380, 17287, 17288, 70008, 72461, 13482, 170745, 20510, 20514, 20541, 110891, 110893, 74338, 17254, 50934, 215335, 246049, 234967, 215332, 72472, 20532, 30962, 328059, 20540, 13717, 12842, 12843, 12824, 12825, 12826, 12827, 12829, 94216, 12830, 12828, 12831, 12832, 53867, 12814, 12815, 71355, 373864, 12834, 12833, 245026, 12835, 68553, 665033, 12836, 12837, 329941, 12839, 12840, 12841, 12813, 12816, 12817, 12818, 12819, 107581, 12821, 12822, 12823, 73368, 69700, 237759, 77018, 140709, 213945",0.0015991560503028086
mmu00330,       Arginine and proline metabolism - Mus musculus (house mouse),54,3,"67092, 14431, 12716, 12709, 76722, 12715, 242669, 18263, 332942, 20810, 20603, 11702, 100041585, 243376, 243377, 69761, 76507, 228608, 11669, 11671, 72535, 110695, 56752, 338403, 66054, 107239, 20229, 69215, 17161, 109731, 75986, 18125, 18126, 18127, 11846, 11847, 18242, 209027, 69051, 66194, 19125, 212647, 56454, 66988, 18452, 18451, 320452, 56189, 14718, 76615, 14719, 67432, 13142, 67217",0.0020043902944029703
mmu00280,"       Valine, leucine and isoleucine degradation - Mus musculus (house mouse)",57,3,"12035, 12036, 14204, 100470, 100328588, 73988, 12039, 12040, 13171, 13382, 11409, 11364, 56357, 66885, 66948, 97212, 74147, 93747, 15107, 15108, 113868, 235674, 52538, 231086, 110821, 66904, 73724, 17850, 227095, 58875, 104776, 11669, 11671, 72535, 110695, 56752, 213043, 11761, 71872, 71724, 257633, 268860, 268782, 72039, 78038, 11992, 15356, 208982, 67041, 64059, 353371, 78894, 110460, 110446, 224530, 208715, 15360",0.0023408566884591357
mmu00910,       Nitrogen metabolism - Mus musculus (house mouse),17,2,"14661, 14645, 227231, 12350, 12352, 12353, 23831, 56078, 12346, 230099, 76459, 12354, 12319, 80733, 71934, 12349, 12351",0.0027466757637365407
mmu00450,       Selenocompound metabolism - Mus musculus (house mouse),17,2,"229905, 70266, 238505, 107869, 50880, 50493, 232223, 26462, 21743, 23972, 23971, 20768, 109079, 214580, 211006, 216443, 212679",0.0027466757637365407
mmu04750,       Inflammatory mediator regulation of TRP channels - Mus musculus (house mouse),130,4,"16644, 385643, 12061, 12062, 15558, 15559, 15560, 15465, 18442, 14682, 329502, 18783, 211429, 232889, 78390, 271844, 53357, 11684, 11685, 18795, 18797, 18798, 18796, 16438, 16439, 16440, 18754, 19045, 19046, 19047, 434233, 277328, 193034, 11419, 11418, 171209, 241118, 58170, 12313, 80796, 12315, 12314, 70405, 494124, 75600, 108058, 12325, 12323, 12322, 16176, 16177, 16180, 26397, 26399, 26416, 19094, 29857, 26415, 26419, 26420, 26414, 18048, 18049, 18211, 18803, 234779, 18706, 18707, 74769, 18709, 18708, 18710, 18753, 20779, 171382, 19217, 19219, 14683, 432530, 210044, 104111, 104110, 224129, 11512, 11513, 11514, 11515, 18747, 18749, 63873, 14063, 13097, 13098, 13099, 226143, 13095, 226105, 13096, 72082, 72303, 69888, 107141, 404195, 433247, 100043108, 545288, 665095, 230459, 100066, 74519, 13109, 242546, 13110, 546837, 13118, 13117, 13119, 435802, 230639, 666168, 100040843, 277753, 18750, 18751, 18752, 18755, 18761, 16000, 22368, 246788",0.0031365405573435885
mmu05415,       Diabetic cardiomyopathy - Mus musculus (house mouse),217,5,"20525, 20528, 14583, 14584, 108058, 12325, 12323, 12322, 21954, 20191, 18821, 11937, 53313, 11938, 20683, 11606, 19702, 19701, 17228, 17227, 18751, 11596, 13058, 17969, 13057, 17970, 17972, 19353, 19354, 11607, 11608, 18033, 19697, 26416, 19094, 29857, 26415, 26419, 26420, 26414, 17390, 17395, 12842, 12843, 12825, 21803, 21808, 21809, 12491, 19013, 12895, 18604, 236900, 27273, 18750, 18753, 110854, 19045, 19046, 19047, 434233, 13033, 18762, 12896, 16334, 16333, 16337, 16367, 18706, 18707, 74769, 18709, 18708, 18710, 19211, 11651, 11652, 23797, 56717, 56637, 14936, 232493, 210789, 667103, 245347, 55951, 70456, 18597, 18598, 68263, 17716, 17717, 17718, 17719, 17720, 17721, 17722, 17995, 72900, 78330, 54405, 17991, 66091, 17992, 407790, 68202, 100502727, 67130, 66416, 68375, 66108, 67273, 70316, 102634451, 69875, 66414, 67184, 102631912, 68198, 66495, 68194, 100042503, 100041273, 66046, 230075, 66916, 67264, 66218, 68342, 104130, 227197, 226646, 68349, 17993, 595136, 407785, 623286, 75406, 225887, 66377, 68197, 66945, 67680, 66052, 66925, 66694, 17711, 66445, 22273, 67003, 66576, 67530, 22272, 66152, 102633050, 66594, 17710, 17708, 17709, 12857, 84682, 12858, 102633230, 12859, 12861, 12862, 110323, 333182, 12864, 12866, 12865, 20463, 66142, 78174, 12867, 12868, 12869, 75483, 11946, 11947, 11949, 66043, 67126, 17705, 11950, 11951, 67942, 228033, 71679, 28080, 11957, 17706, 22333, 22334, 22335, 11739, 11740, 73333, 105675, 18752, 18127, 14433, 115487111, 11545, 14380, 14381, 14782, 21812, 21813, 17126, 17127, 18795, 18797, 18798, 18796, 11421, 217246",0.003393749024684906
mmu04728,       Dopaminergic synapse - Mus musculus (house mouse),136,4,"21823, 13195, 110877, 214084, 13488, 13492, 68566, 14682, 18795, 18797, 18798, 18796, 16438, 16439, 16440, 12313, 80796, 12315, 12314, 70405, 494124, 75600, 108058, 12325, 12323, 12322, 19057, 19055, 19056, 18750, 18751, 18752, 14281, 14683, 14680, 224129, 18747, 18749, 12912, 11909, 11911, 12913, 26427, 208647, 208677, 78284, 231991, 12915, 26416, 19094, 29857, 26415, 26419, 26420, 26414, 19049, 19045, 19046, 19047, 434233, 20265, 12288, 12289, 12286, 12287, 16519, 16522, 16524, 16521, 13490, 13491, 14677, 14679, 14678, 14681, 14688, 14693, 14695, 14696, 14697, 14702, 14704, 14706, 14707, 102633809, 14708, 14709, 14700, 66066, 14701, 100503710, 64337, 14699, 14710, 13489, 109689, 216869, 19052, 19053, 51792, 73699, 52432, 72930, 269643, 71978, 100039815, 100039830, 59032, 235542, 19054, 225849, 26931, 21770, 26932, 226849, 11651, 11652, 23797, 606496, 56637, 14811, 14812, 14799, 14800, 53623, 14802, 16572, 16573, 16574, 12753, 11865, 13162, 17161, 109731, 12846, 791260",0.0036860759494740003
mmu00562,       Inositol phosphate metabolism - Mus musculus (house mouse),72,3,"225326, 17772, 53332, 77116, 170749, 74302, 219135, 54384, 97287, 224020, 107650, 84095, 67073, 83493, 101490, 18717, 18719, 18720, 227733, 320634, 16330, 64436, 104015, 20975, 18706, 18707, 74769, 30955, 19211, 16331, 16332, 18704, 18705, 240752, 269180, 234515, 18711, 103199, 117150, 18718, 108083, 18795, 18797, 18798, 18796, 18799, 72469, 18802, 74055, 18803, 234779, 114875, 269437, 269615, 114663, 55980, 52858, 71780, 16329, 212111, 19062, 170835, 17330, 320404, 228550, 233011, 217837, 69718, 75678, 56727, 104776, 21991",0.004538150268323114
mmu04714,       Thermogenesis - Mus musculus (house mouse),238,5,"11556, 14683, 432530, 210044, 104111, 104110, 224129, 11512, 11513, 11514, 11515, 271639, 18747, 18749, 12912, 12913, 26427, 208647, 208677, 78284, 231991, 70673, 329003, 99982, 22227, 104263, 277250, 67155, 20586, 20587, 20588, 68094, 83797, 83796, 66993, 57376, 11465, 11461, 56456, 83766, 239985, 93760, 29861, 70127, 19016, 26408, 26397, 26416, 19094, 29857, 26415, 19017, 11909, 50721, 56636, 103968, 16890, 66853, 23945, 105787, 108079, 19079, 108097, 19082, 241113, 108099, 14526, 12164, 12163, 12801, 230899, 18158, 18160, 19091, 19092, 83379, 14182, 327826, 14784, 20662, 20663, 15461, 16653, 18176, 110651, 20111, 20112, 67071, 64930, 22084, 19744, 74370, 56717, 56716, 67605, 58988, 72508, 20104, 216036, 14081, 50790, 216739, 74205, 433256, 17716, 17717, 17718, 17719, 17720, 17721, 17722, 227197, 226646, 68349, 17993, 595136, 407785, 623286, 75406, 225887, 17995, 72900, 78330, 54405, 17991, 66091, 17992, 407790, 68202, 100502727, 67130, 66416, 68375, 66108, 67273, 70316, 102634451, 69875, 66414, 67184, 102631912, 68198, 66495, 68194, 100042503, 100041273, 66046, 230075, 66916, 67264, 66218, 68342, 104130, 66377, 68197, 69702, 75597, 66706, 68493, 69487, 76947, 73694, 208501, 66945, 67680, 66052, 66925, 66694, 17711, 66445, 22273, 67003, 66576, 67530, 22272, 66152, 102633050, 66594, 17708, 17709, 17710, 12857, 84682, 12858, 102633230, 12859, 12861, 12862, 110323, 333182, 12864, 12866, 12865, 20463, 66142, 78174, 12867, 12868, 12869, 75483, 70383, 69802, 101055854, 66379, 226139, 66272, 12856, 231430, 68033, 66359, 52469, 68185, 76178, 67892, 69893, 11946, 11947, 11949, 66043, 67126, 28080, 17705, 11950, 11951, 67942, 228033, 71679, 11958, 57423, 11957, 17706, 27425, 12896, 214663, 57279, 12894, 12895, 78070",0.005011784749567035
mmu04723,       Retrograde endocannabinoid signaling - Mus musculus (house mouse),153,4,"140919, 216227, 72961, 14799, 14800, 53623, 14802, 12288, 12289, 54652, 12292, 14816, 108071, 14682, 18795, 18797, 18798, 18796, 16438, 16439, 16440, 242864, 18750, 18751, 18752, 269060, 231871, 19225, 66082, 14073, 12801, 14677, 14679, 14678, 14681, 14688, 14693, 14695, 14696, 14697, 14702, 14704, 14706, 14707, 102633809, 14708, 14709, 14700, 66066, 14701, 100503710, 64337, 14699, 14710, 16519, 16522, 16524, 16521, 12286, 12287, 26413, 26417, 26419, 26420, 26414, 26416, 19094, 29857, 26415, 432530, 210044, 104111, 104110, 224129, 11512, 11513, 11514, 11515, 18747, 18749, 23945, 17716, 17717, 17718, 17719, 17720, 17721, 17722, 17995, 72900, 78330, 54405, 17991, 66091, 17992, 407790, 68202, 100502727, 67130, 66416, 68375, 66108, 67273, 70316, 102634451, 69875, 66414, 67184, 102631912, 68198, 66495, 68194, 100042503, 100041273, 66046, 230075, 66916, 67264, 66218, 68342, 104130, 227197, 226646, 68349, 17993, 595136, 407785, 623286, 75406, 225887, 66377, 68197, 22348, 116837, 14394, 14395, 14396, 14397, 110886, 14399, 14400, 14402, 14401, 14405, 14406, 14407, 14403, 14404, 57249, 216643, 14408, 14409, 328699",0.0055898622344962975
mmu04148,       Efferocytosis - Mus musculus (house mouse),161,4,"12367, 12369, 12362, 55991, 18442, 233571, 70839, 56632, 20698, 13609, 53357, 11303, 56696, 11491, 11487, 20312, 13051, 18019, 18018, 18021, 73181, 15251, 11863, 13856, 13857, 16452, 26413, 26417, 12608, 19016, 20181, 17304, 14456, 17289, 12491, 21825, 26395, 26396, 19225, 19217, 19219, 13435, 12912, 21803, 11937, 53313, 11938, 108058, 12325, 12323, 12322, 26416, 19094, 29857, 26415, 17164, 11689, 11687, 319520, 235584, 18218, 240672, 13537, 70686, 105722, 228432, 320091, 233246, 404545, 71345, 12215, 381560, 381246, 228787, 497097, 219149, 11980, 50769, 320940, 50770, 76295, 69981, 19128, 16410, 16416, 16419, 26362, 22174, 107831, 276891, 171283, 171284, 171285, 11596, 192187, 192188, 14083, 12927, 12928, 12929, 140580, 330662, 19353, 11502, 12317, 108802, 12259, 12260, 12262, 16971, 70417, 214058, 380713, 70676, 19329, 271457, 19344, 19345, 73122, 209018, 71732, 80743, 228545, 77573, 68365, 269338, 218035, 19349, 226421, 212555, 11846, 11847, 18263, 332942, 12642, 22259, 22260, 12894, 12895, 78070, 66694, 93759, 18514, 16153, 16889, 192654, 19015, 20525, 20501, 20393, 16423, 12484, 18613, 243958, 19261, 668101, 100038947, 751864, 320832, 15170, 19247",0.006677496176555723
mmu00650,       Butanoate metabolism - Mus musculus (house mouse),27,2,"110460, 110446, 224530, 15107, 97212, 74147, 93747, 11409, 117147, 233799, 233801, 272428, 20216, 217666, 14415, 14417, 268860, 214579, 208715, 15360, 15356, 208982, 67041, 64059, 353371, 78894, 71911",0.006878642909981341
mmu04540,       Gap junction - Mus musculus (house mouse),86,3,"14609, 14617, 14745, 14677, 14679, 14678, 18590, 18591, 54635, 71785, 13645, 18595, 18596, 13649, 14784, 20662, 20663, 15461, 16653, 18176, 110157, 26395, 26396, 26413, 26417, 20779, 26405, 23938, 23939, 22145, 22144, 22142, 22146, 22147, 22143, 53857, 238463, 227613, 22151, 22152, 22153, 67951, 22154, 545486, 73710, 104318, 12534, 21872, 11554, 13488, 14683, 13489, 432530, 210044, 104111, 104110, 224129, 11512, 11513, 11514, 11515, 18747, 18749, 15558, 15559, 15560, 14816, 108071, 14672, 14682, 18795, 18797, 18798, 18796, 16438, 16439, 16440, 18750, 18751, 18752, 60596, 234889, 239134, 54195, 19091, 19092",0.007432593602386341
mmu04211,       Longevity regulating pathway - Mus musculus (house mouse),90,3,"16334, 16333, 16337, 16000, 16001, 16367, 384783, 16369, 16370, 15461, 16653, 18176, 18706, 18707, 74769, 18709, 18708, 18710, 11651, 11652, 23797, 432530, 210044, 104111, 104110, 224129, 11512, 11513, 11514, 11515, 18747, 18749, 12912, 11909, 12913, 26427, 208647, 208677, 78284, 11911, 231991, 12915, 110147, 77683, 56458, 56484, 20656, 12359, 11793, 16591, 64930, 22084, 19744, 56717, 74370, 67605, 22241, 51897, 12421, 68118, 58988, 72508, 13685, 13684, 26987, 218268, 11450, 72674, 68465, 72993, 207565, 105787, 108079, 19079, 108097, 19082, 241113, 108099, 93759, 12028, 22059, 18033, 19697, 19016, 19017, 20869, 140742, 75747, 230784, 12326",0.008419483482080098
mmu00410,       beta-Alanine metabolism - Mus musculus (house mouse),32,2,"73748, 246277, 14415, 14417, 338403, 107239, 66054, 268860, 228608, 11754, 237940, 11669, 11671, 72535, 110695, 56752, 11670, 67689, 621603, 73458, 99586, 64705, 103149, 227095, 97212, 74147, 93747, 11409, 80911, 11430, 56690, 104776",0.009575435757107174
mmu00630,       Glyoxylate and dicarboxylate metabolism - Mus musculus (house mouse),32,2,"68738, 60525, 17449, 17448, 12974, 71832, 11429, 11428, 110460, 110446, 224530, 73724, 110821, 66904, 17850, 56185, 15112, 12359, 76238, 67078, 11611, 14645, 20425, 108037, 104174, 434437, 13382, 68133, 68180, 235582, 67432, 71562",0.009575435757107174
mmu00051,       Fructose and mannose metabolism - Mus musculus (house mouse),36,2,"110119, 54128, 29858, 331026, 69080, 218138, 22122, 75540, 234730, 15277, 212032, 15275, 216019, 18641, 18642, 56421, 14121, 14120, 18639, 18640, 170768, 270198, 319801, 16548, 20322, 11997, 14187, 11677, 67861, 11674, 230163, 11676, 353204, 79459, 21991, 225913",0.012017410791558077
mmu04216,       Ferroptosis - Mus musculus (house mouse),41,2,"17254, 26570, 22059, 14629, 14630, 14854, 625249, 14081, 50790, 216739, 74205, 433256, 14792, 11687, 20229, 69215, 22041, 71775, 22042, 68428, 18174, 67547, 213053, 18521, 53945, 12870, 23983, 14319, 14325, 434624, 66734, 67443, 11793, 74244, 27057, 19122, 15368, 22334, 22335, 13058, 67634",0.015409435986316956
mmu00760,       Nicotinate and nicotinamide metabolism - Mus musculus (house mouse),43,2,"68352, 67375, 223646, 18950, 667034, 225994, 69564, 76952, 70881, 230718, 50773, 103850, 66763, 23959, 74080, 66454, 226518, 18605, 209558, 67993, 67725, 78914, 59027, 11871, 11872, 12494, 12182, 237868, 93759, 64383, 64384, 75387, 68346, 50721, 209011, 192185, 68646, 18115, 18113, 213043, 11761, 71872, 71724",0.016868054064654348
mmu04152,       AMPK signaling pathway - Mus musculus (house mouse),127,3,"26409, 20869, 12283, 69008, 72149, 227154, 16846, 16847, 207565, 11549, 11450, 72674, 68465, 105787, 108079, 19079, 108097, 19082, 241113, 108099, 18639, 18640, 170768, 270198, 14121, 14120, 18641, 18642, 56421, 15378, 14377, 14378, 68401, 18534, 74551, 74343, 12912, 12913, 26427, 208647, 208677, 78284, 231991, 19017, 15568, 12443, 12428, 12427, 13631, 13629, 56458, 56484, 93759, 20528, 14936, 232493, 16890, 15357, 20787, 14104, 107476, 20249, 20250, 30049, 329065, 100705, 56690, 12894, 12895, 78070, 12683, 19052, 19053, 51792, 73699, 52432, 72930, 269643, 71978, 100039815, 100039830, 59032, 235542, 19054, 225849, 26931, 21770, 26932, 226849, 57915, 59021, 17274, 19325, 19326, 68365, 12638, 12491, 16000, 16001, 16334, 16333, 16337, 16367, 384783, 16369, 16370, 18706, 18707, 74769, 18709, 18708, 18710, 18607, 11651, 11652, 23797, 22084, 64930, 19744, 56717, 74370, 67605, 58988, 72508, 13685, 19016, 22241",0.02113926335990253
mmu02010,       ABC transporters - Mus musculus (house mouse),52,2,"13214, 246081, 246085, 11303, 11305, 27410, 381072, 67928, 320631, 233810, 11304, 27403, 74591, 268379, 217265, 76184, 27404, 217258, 217262, 21354, 21355, 74610, 56325, 56199, 18671, 18669, 18670, 77706, 74104, 11306, 27413, 17250, 12780, 76408, 239273, 27416, 27421, 224814, 244562, 12638, 20927, 20928, 11666, 26874, 19299, 19300, 11307, 192663, 26357, 27405, 27409, 67470",0.02411370512387494
mmu04978,       Mineral absorption - Mus musculus (house mouse),55,2,"20505, 20531, 142681, 22337, 225997, 58800, 64177, 20541, 110891, 110893, 67972, 320707, 381290, 11941, 12309, 13487, 171429, 320718, 12724, 105243, 20537, 333669, 74338, 11928, 98660, 232975, 27222, 67821, 11931, 11932, 11933, 11936, 52466, 15368, 15369, 73649, 18174, 14319, 14325, 434624, 53945, 15203, 244698, 22041, 71775, 72027, 22782, 20529, 70358, 74051, 17750, 17748, 11927, 11979, 11977",0.02676516335887036
mmu00591,       Linoleic acid metabolism - Mus musculus (house mouse),55,2,"26971, 18778, 18781, 18784, 18782, 26970, 66350, 69836, 26565, 18780, 237625, 329502, 18783, 211429, 232889, 78390, 271844, 53357, 665270, 225845, 11687, 13077, 13097, 13098, 13099, 226143, 13095, 226105, 13096, 72082, 72303, 69888, 107141, 404195, 433247, 100043108, 545288, 665095, 230459, 100066, 74519, 13109, 242546, 13110, 546837, 13106, 13112, 13113, 13114, 56388, 53973, 337924, 100041375, 100041449, 622127",0.02676516335887036
mmu00190,       Oxidative phosphorylation - Mus musculus (house mouse),141,3,"17716, 17717, 17718, 17719, 17720, 17721, 17722, 227197, 226646, 68349, 17993, 595136, 407785, 623286, 75406, 225887, 17995, 72900, 78330, 54405, 17991, 66091, 17992, 407790, 68202, 100502727, 67130, 66416, 68375, 66108, 67273, 70316, 102634451, 69875, 66414, 67184, 102631912, 68198, 66495, 68194, 100042503, 100041273, 66046, 230075, 66916, 67264, 66218, 68342, 104130, 66377, 68197, 66945, 67680, 66052, 66925, 66694, 17711, 66445, 22273, 67003, 66576, 67530, 22272, 66152, 102633050, 66594, 70383, 17710, 17708, 17709, 12857, 84682, 12858, 102633230, 12859, 12861, 12862, 110323, 333182, 12864, 12866, 12865, 20463, 66142, 78174, 12867, 12868, 12869, 75483, 69802, 226139, 12856, 13063, 13067, 11946, 11947, 11949, 66043, 67126, 28080, 17705, 11950, 11951, 67942, 228033, 71679, 11958, 57423, 27425, 11957, 17706, 11964, 11966, 110935, 66335, 68775, 73834, 11973, 74915, 66144, 66237, 66290, 338375, 108664, 11975, 21871, 27060, 140494, 11984, 114143, 11972, 242341, 11974, 76252, 54411, 11944, 11945, 192113, 67895, 74776, 76429",0.027692746022987463
mmu04072,       Phospholipase D signaling pathway - Mus musculus (house mouse),149,3,"13645, 18590, 18591, 54635, 71785, 17311, 16334, 16333, 13649, 18595, 18596, 16590, 16337, 14784, 14388, 14389, 20416, 216148, 20418, 271849, 19247, 20662, 20663, 15461, 16653, 18176, 17532, 20130, 66922, 19730, 56044, 64143, 18706, 18707, 74769, 18709, 18708, 18710, 11651, 11652, 23797, 64930, 22084, 19744, 56717, 11848, 67653, 11840, 11841, 11845, 18803, 234779, 14125, 14126, 14127, 14360, 20963, 18750, 18806, 18805, 329502, 18783, 211429, 232889, 78390, 271844, 55979, 67512, 28169, 68262, 52123, 56632, 20698, 110157, 26395, 26396, 26413, 26417, 18717, 18719, 18720, 13139, 110197, 110524, 104418, 217480, 56077, 320127, 380921, 227333, 331374, 19012, 50784, 67916, 14061, 11606, 11998, 11607, 11608, 14062, 14816, 108068, 108069, 268934, 108071, 108072, 108073, 14823, 54140, 26361, 12000, 14745, 53978, 65086, 78134, 381810, 67168, 19220, 227288, 12765, 18795, 18797, 18798, 18796, 14673, 19229, 14674, 30955, 320207, 104709, 19157, 19158, 19159, 72318, 14683, 432530, 210044, 104111, 104110, 224129, 11512, 11513, 11514, 11515, 223864, 56508, 13429, 103967, 13430",0.031869027293997626
mmu00561,       Glycerolipid metabolism - Mus musculus (house mouse),63,2,"235582, 11669, 11671, 72535, 110695, 56752, 11997, 14187, 11677, 67861, 58810, 225913, 14933, 14626, 14625, 14732, 215456, 102247, 231510, 55979, 67512, 28169, 68262, 52123, 225010, 218121, 67216, 19012, 50784, 67916, 14245, 64899, 64898, 71910, 381925, 13139, 110197, 110524, 104418, 217480, 56077, 320127, 380921, 227333, 331374, 13350, 67800, 12613, 66853, 116939, 69060, 18946, 18947, 15450, 67717, 16891, 16956, 69923, 23945, 193742, 68393, 233549, 11605",0.03437385769365655
mmu00970,       Aminoacyl-tRNA biosynthesis - Mus musculus (house mouse),66,2,"17726, 17741, 17738, 17728, 17727, 17740, 17729, 17731, 17732, 17733, 17736, 17735, 17734, 17737, 17730, 17739, 17743, 17742, 17744, 17746, 17747, 17745, 67417, 107508, 76563, 229487, 384281, 97541, 234734, 224805, 226414, 226539, 70223, 244141, 353172, 110960, 272396, 71807, 71984, 20226, 214580, 211006, 27267, 71941, 216443, 212679, 69606, 22321, 68915, 102436, 107045, 105148, 381314, 85305, 104458, 109093, 230577, 15115, 70791, 69955, 66590, 23874, 107271, 70120, 22375, 70560",0.03741900816765196
mmu00750,       Vitamin B6 metabolism - Mus musculus (house mouse),9,1,"103711, 216134, 57028, 73373, 213043, 11761, 71872, 71724, 107272",0.04079366065114491
mmu05211,       Renal cell carcinoma - Mus musculus (house mouse),70,2,"15251, 13819, 112407, 112406, 112405, 22346, 67923, 102631956, 102637110, 67673, 56438, 71745, 11863, 11864, 12914, 328572, 20525, 22339, 21803, 21808, 21809, 18591, 21802, 15234, 17295, 14388, 18706, 18707, 74769, 18709, 18708, 18710, 11651, 11652, 23797, 12015, 12928, 12929, 107746, 109905, 215449, 19247, 14784, 20662, 20663, 15461, 16653, 18176, 11836, 109880, 110157, 26395, 26396, 26413, 26417, 23871, 16476, 19353, 12540, 18479, 224105, 18481, 70584, 241656, 214230, 94315, 209446, 12575, 14194, 216805",0.04163329903677831
mmu04927,       Cortisol synthesis and secretion - Mus musculus (house mouse),72,2,"18976, 17200, 77037, 14683, 432530, 210044, 104111, 104110, 224129, 11512, 11513, 11514, 11515, 218461, 18584, 18747, 18749, 11614, 26423, 15370, 20683, 18514, 12912, 11909, 11911, 12913, 26427, 208647, 208677, 78284, 231991, 12915, 110115, 13072, 13074, 20845, 320024, 11606, 11607, 11608, 14682, 14672, 18795, 18797, 18798, 18796, 16438, 16439, 16440, 16526, 12291, 58226, 239556, 12288, 12289, 54652, 12292, 109305, 16492, 16527, 16835, 20778, 13070, 15495, 15496, 15493, 15492, 15497, 100043456, 100043461, 15494, 13079",0.04380430703322746
mmu04911,       Insulin secretion - Mus musculus (house mouse),86,2,"20525, 20526, 103988, 68667, 11928, 98660, 232975, 27222, 67821, 11931, 11932, 11933, 11936, 20927, 16514, 12288, 12289, 54652, 12292, 108058, 12325, 12323, 12322, 16531, 16532, 16533, 72413, 100502876, 58802, 84036, 140492, 140493, 16534, 14526, 14652, 14607, 236781, 11516, 11517, 14683, 432530, 210044, 104111, 104110, 224129, 11512, 11513, 11514, 11515, 18747, 18749, 12912, 11909, 11911, 12913, 26427, 208647, 208677, 78284, 231991, 12915, 18609, 16334, 16333, 56508, 116838, 26875, 19339, 12424, 12425, 12671, 233081, 14682, 14672, 18795, 18797, 18798, 18796, 16440, 20191, 22318, 20907, 20614, 18750, 18751, 18752",0.06010684884091924
mmu00730,       Thiamine metabolism - Mus musculus (house mouse),15,1,"18041, 66566, 11650, 11648, 11647, 76768, 11431, 29807, 11637, 11639, 11636, 229949, 78801, 68870, 105663",0.06706816743636879
mmu05034,       Alcoholism - Mus musculus (house mouse),207,3,"21823, 13195, 110877, 214084, 17161, 109731, 13162, 14810, 14811, 14812, 14813, 14814, 242443, 170483, 15182, 433759, 15183, 208727, 15184, 15185, 56233, 70315, 79221, 170787, 232232, 15270, 319176, 547160, 100042944, 319163, 319165, 319166, 319167, 319168, 319169, 319170, 319171, 319172, 319173, 319191, 319192, 665433, 319164, 26914, 404634, 232440, 100042943, 100042929, 621893, 77605, 100042922, 333452, 385328, 68231, 100042946, 624153, 236663, 76383, 100042840, 100042931, 51788, 319162, 15267, 547210, 624957, 547154, 100042927, 100039319, 100042939, 385317, 319189, 69389, 319177, 69382, 319179, 319186, 68024, 78303, 319178, 319180, 319181, 319182, 319183, 319184, 319185, 319187, 319188, 319190, 665596, 665622, 382522, 15078, 15081, 625328, 667250, 319152, 15077, 260423, 319148, 319149, 319150, 319151, 319153, 319154, 360198, 97114, 97908, 115488119, 115490335, 105242736, 382523, 319155, 319156, 319157, 319158, 319159, 319160, 319161, 320332, 326619, 326620, 69386, 97122, 100041230, 107435, 13488, 14683, 13489, 14677, 14679, 14678, 14681, 14688, 14693, 14695, 14696, 14697, 14702, 14704, 14706, 14707, 102633809, 14708, 14709, 14700, 66066, 14701, 100503710, 64337, 14699, 14710, 71279, 63959, 13340, 11540, 11541, 224129, 18747, 18749, 12912, 11909, 11911, 12913, 26427, 208647, 208677, 78284, 231991, 12915, 12918, 109648, 12064, 18212, 20416, 216148, 20418, 271849, 14784, 20662, 20663, 15461, 16653, 18176, 11836, 109880, 110157, 26395, 26413, 26417, 18610, 12313, 80796, 12315, 12314, 70405, 494124, 75600, 55984, 207565, 12326, 14282, 19049, 19045, 19046, 19047, 434233, 18767",0.07115140609615993
mmu04070,       Phosphatidylinositol signaling system - Mus musculus (house mouse),96,2,"224020, 107650, 84095, 67073, 83493, 101490, 18717, 18719, 18720, 320634, 16330, 64436, 104015, 20975, 18706, 18707, 74769, 18709, 18708, 18710, 19211, 16331, 16332, 269180, 234515, 18711, 17772, 53332, 77116, 170749, 74302, 219135, 54384, 97287, 117150, 18718, 108083, 219024, 72519, 225326, 18704, 18705, 240752, 18795, 18797, 18798, 18796, 18799, 72469, 18802, 74055, 18803, 234779, 114875, 69718, 320404, 228550, 233011, 212111, 217837, 75678, 27399, 76500, 271424, 327655, 227399, 16329, 114663, 55980, 242291, 13139, 110197, 110524, 104418, 217480, 56077, 320127, 380921, 227333, 331374, 74596, 110911, 52858, 16438, 16439, 16440, 18750, 18751, 18752, 12313, 80796, 12315, 12314, 70405, 494124, 75600",0.07282170081139276
mmu00564,       Glycerophospholipid metabolism - Mus musculus (house mouse),98,2,"14555, 333433, 14571, 14732, 215456, 102247, 231510, 55979, 67512, 28169, 68262, 52123, 225010, 218121, 67216, 14712, 66358, 19012, 50784, 67916, 14245, 64899, 64898, 71910, 381925, 13139, 110197, 110524, 104418, 217480, 56077, 320127, 380921, 227333, 331374, 212862, 99712, 18806, 18805, 18807, 104759, 16816, 26971, 18778, 18781, 18784, 18782, 26970, 66350, 69836, 26565, 18780, 237625, 329502, 18783, 211429, 232889, 78390, 271844, 53357, 665270, 225845, 270084, 210992, 70902, 99010, 14792, 18777, 192654, 26394, 50767, 241274, 74182, 12647, 11423, 12660, 12651, 237928, 13026, 236899, 28042, 75320, 214253, 68671, 71760, 18618, 74596, 110911, 85031, 19210, 27388, 320951, 74451, 66586, 66826, 226856, 52858, 77582",0.07546083385636145
mmu00120,       Primary bile acid biosynthesis - Mus musculus (house mouse),18,1,"13116, 56050, 101502, 12642, 13123, 13122, 104086, 13124, 208665, 26459, 17117, 93732, 15488, 20280, 170789, 12012, 209186, 230161",0.07993650315146358
mmu04925,       Aldosterone synthesis and secretion - Mus musculus (house mouse),103,2,"11606, 11607, 11608, 14682, 14672, 18795, 18797, 18798, 18796, 16438, 16439, 16440, 18750, 18751, 18752, 18754, 18760, 75292, 101540, 12912, 11909, 11911, 12913, 26427, 208647, 208677, 78284, 231991, 12915, 11908, 100040260, 269060, 231871, 16527, 223604, 16521, 11928, 98660, 232975, 27222, 67821, 11931, 11932, 11933, 12291, 58226, 239556, 12288, 12289, 54652, 12292, 109305, 12313, 80796, 12315, 12314, 70405, 494124, 75600, 215303, 52163, 108058, 12325, 12323, 12322, 12326, 67972, 320707, 381290, 11941, 16890, 16835, 20778, 18976, 17200, 14683, 432530, 210044, 104111, 104110, 224129, 11512, 11513, 11514, 11515, 18747, 18749, 20845, 18227, 15370, 13070, 15495, 15496, 15493, 15492, 15497, 100043456, 100043461, 15494, 13079, 230899, 18160, 207728",0.08218913215827674
mmu00785,       Lipoic acid metabolism - Mus musculus (house mouse),19,1,"67164, 79464, 623661, 117147, 13382, 18597, 18598, 68263, 235339, 18293, 239017, 78920, 209692, 12039, 12040, 13171, 104174, 434437, 68133",0.08418670985823588
mmu04024,       cAMP signaling pathway - Mus musculus (house mouse),224,3,"22353, 12918, 12640, 16866, 170458, 217674, 22094, 18976, 14526, 14607, 14308, 230899, 11516, 11554, 11555, 13488, 13492, 11540, 15562, 15565, 19217, 11517, 22355, 12921, 12922, 16867, 22095, 17200, 14652, 381853, 236781, 14309, 18160, 14683, 13614, 13615, 13616, 20604, 109648, 58991, 18429, 15550, 15551, 15552, 15557, 12669, 243764, 13489, 54393, 242425, 11539, 13617, 18166, 20605, 20606, 20609, 243270, 80885, 233079, 84112, 19218, 18430, 208188, 14677, 14679, 14678, 432530, 210044, 104111, 104110, 224129, 11512, 11513, 11514, 11515, 271639, 12788, 12789, 12790, 233649, 333329, 30952, 12313, 80796, 12315, 12314, 70405, 494124, 75600, 108058, 12325, 12323, 12322, 12326, 23828, 64082, 78977, 16526, 15166, 330953, 239273, 223864, 56508, 20130, 66922, 18806, 18805, 74055, 26419, 26420, 26414, 109905, 215449, 21844, 22324, 22325, 57257, 19353, 19354, 170758, 18479, 106952, 11848, 67653, 17356, 18706, 18707, 74769, 18709, 18708, 18710, 11651, 11652, 23797, 109880, 110157, 26395, 26396, 26413, 26417, 18747, 18749, 19049, 19045, 19046, 19047, 434233, 12912, 12913, 26427, 208647, 208677, 78284, 231991, 12914, 328572, 12064, 14281, 16476, 14634, 14632, 19206, 15245, 18035, 18033, 19697, 20682, 11705, 19013, 80911, 11430, 18018, 14062, 12015, 16890, 19877, 19878, 17931, 98932, 21954, 18821, 11937, 53313, 11938, 20191, 14810, 14811, 14812, 14813, 14814, 242443, 170483, 14799, 14800, 53623, 14802, 12638, 11928, 98660, 232975, 27222, 67821, 11931, 11932, 11933, 11936, 56188, 20544, 109305, 67972, 320707, 381290, 11941, 12288, 12289, 54652, 12292, 54611, 18576, 18577, 18578, 110385, 238871, 23984",0.08544359794595591
mmu00360,       Phenylalanine metabolism - Mus musculus (house mouse),21,1,"18478, 13195, 11754, 237940, 17161, 109731, 11670, 67689, 621603, 73458, 240549, 14718, 76615, 14719, 234724, 14204, 100470, 100328588, 73988, 15445, 17319",0.09262879919777066
mmu04725,       Cholinergic synapse - Mus musculus (house mouse),113,2,"12647, 11423, 20508, 12669, 12671, 213788, 14682, 14672, 18795, 18797, 18798, 18796, 16438, 16439, 16440, 18750, 18751, 18752, 16535, 16536, 110862, 60613, 226922, 16518, 16515, 16520, 211480, 243764, 12672, 14677, 14679, 14678, 14681, 14688, 14693, 14695, 14696, 14697, 14702, 14704, 14706, 14707, 102633809, 14708, 14709, 14700, 66066, 14701, 100503710, 64337, 14699, 14710, 16519, 16522, 30955, 320207, 104709, 15461, 16653, 18176, 26395, 26413, 26417, 14281, 11441, 11438, 11444, 110834, 108015, 11440, 432530, 210044, 104111, 104110, 224129, 11512, 11513, 11514, 11515, 18747, 18749, 12912, 11911, 12913, 26427, 208647, 208677, 78284, 231991, 108058, 12325, 12323, 12322, 12326, 16452, 14360, 18706, 18707, 74769, 18709, 18708, 18710, 11651, 11652, 23797, 12043, 12286, 12287, 12288, 12289, 54652, 12292, 63993",0.0961650437054428
mmu04080,       Neuroactive ligand-receptor interaction - Mus musculus (house mouse),390,4,"12669, 243764, 12671, 12672, 213788, 11549, 11548, 11550, 11551, 11552, 11553, 11554, 11555, 11556, 13488, 13489, 13490, 13491, 13492, 15465, 15466, 99296, 225192, 15550, 15551, 15552, 15557, 15558, 15559, 15560, 15562, 15563, 15564, 15565, 15566, 209517, 209513, 111174, 215855, 215856, 215859, 276742, 382348, 209512, 215854, 435206, 435207, 493809, 494546, 503558, 11606, 11607, 11608, 11609, 30878, 100038489, 23796, 68039, 225642, 18101, 14829, 12209, 16644, 385643, 12061, 12062, 12266, 12267, 15139, 12273, 381677, 14293, 14289, 14294, 14291, 321020, 14290, 321021, 12424, 12425, 12426, 13614, 13615, 13616, 13617, 13618, 14419, 232836, 319552, 14427, 14428, 14429, 58991, 208188, 280287, 114229, 18976, 17199, 17200, 17201, 17202, 17203, 56183, 433292, 14767, 216749, 54615, 60531, 237362, 104443, 100043254, 319239, 109648, 217212, 19064, 18166, 18167, 19065, 18168, 18169, 14608, 245526, 381073, 208990, 226304, 67405, 18216, 18217, 18619, 18610, 18155, 18386, 18387, 18390, 18389, 227717, 229214, 243407, 15171, 230777, 387285, 18429, 18430, 20604, 12854, 20605, 20606, 20607, 20608, 20609, 21333, 93670, 21336, 21337, 21334, 21338, 24111, 224065, 217369, 11998, 54140, 26361, 12000, 14061, 13035, 14938, 18815, 436522, 22072, 67373, 103964, 100040208, 100040233, 22074, 73626, 436523, 22073, 114228, 14062, 14063, 14064, 14065, 623503, 226278, 110312, 207911, 14308, 12640, 14309, 16866, 16867, 22094, 170458, 217674, 22095, 19214, 19216, 19217, 19218, 19219, 19220, 19222, 21390, 11539, 11540, 11541, 11542, 18442, 18441, 57385, 233571, 67168, 78826, 213438, 140795, 74191, 64095, 12801, 12802, 19204, 14714, 14715, 22044, 22045, 170732, 17773, 244701, 14765, 14745, 53978, 65086, 78134, 13609, 14739, 13610, 13611, 94226, 16995, 57260, 17171, 19773, 212108, 16336, 23919, 381489, 140498, 239336, 242093, 58861, 70086, 116903, 12310, 11535, 223780, 15874, 12311, 54598, 12918, 22226, 83428, 171530, 12921, 12922, 14607, 381853, 14526, 14527, 14652, 93896, 14601, 14602, 19226, 114640, 19228, 213527, 11516, 11517, 20287, 319229, 22353, 22354, 22355, 14816, 108068, 108069, 268934, 108071, 108072, 108073, 14823, 54393, 242425, 239845, 68957, 75552, 14810, 14811, 14812, 14813, 14814, 242443, 170483, 14394, 14395, 14396, 14397, 110886, 14399, 14400, 14402, 14401, 14403, 14404, 14405, 14406, 14407, 216643, 14408, 14409, 328699, 57249, 57277, 69462, 320343, 71897, 23936, 100312987, 56872, 100312949, 77080, 68171, 77908, 100312986, 105244994, 100312956, 330921, 11435, 110902, 110834, 11438, 110835, 11440, 11441, 231252, 504186, 11443, 11444, 108043, 108015, 11447, 11448, 11449, 18436, 231602, 228139, 18438, 94045, 18439, 18440, 14799, 14800, 53623, 14802, 14805, 14806, 14807, 110637, 14809, 14803, 14804, 14654, 237213, 110304, 14658, 193034, 12257, 14815, 14599, 14600, 21833, 21834, 16846, 16847, 19109, 19111, 28078, 19116, 70804, 53328, 69071",0.10684882559772131
mmu00592,       alpha-Linolenic acid metabolism - Mus musculus (house mouse),25,1,"26971, 18778, 18781, 18784, 18782, 26970, 66350, 69836, 26565, 18780, 237625, 329502, 18783, 211429, 232889, 78390, 271844, 53357, 665270, 225845, 56473, 80911, 11430, 113868, 235674",0.10928214434900754
mmu04977,       Vitamin digestion and absorption - Mus musculus (house mouse),26,1,"14603, 65969, 93835, 68421, 19300, 67096, 17250, 21452, 80721, 116914, 69698, 26363, 330064, 20522, 53320, 52466, 20509, 20778, 69060, 665270, 19660, 245532, 79235, 238055, 11808, 11806",0.11339789878405256
mmu00340,       Histidine metabolism - Mus musculus (house mouse),26,1,"15109, 243537, 71761, 14317, 15186, 243376, 243377, 69761, 76507, 11669, 11671, 72535, 110695, 56752, 11484, 140483, 17161, 109731, 11670, 67689, 621603, 73458, 107239, 67383, 66054, 338403",0.11339789878405256
mmu04611,       Platelet activation - Mus musculus (house mouse),125,2,"21390, 14061, 14062, 14065, 14674, 16801, 69632, 11848, 67653, 19877, 19878, 19045, 19046, 19047, 434233, 17931, 67938, 67268, 18436, 109305, 16438, 16439, 16440, 20866, 107589, 213435, 228785, 238564, 18441, 14682, 18795, 18797, 18798, 18796, 18762, 18759, 19419, 19395, 109905, 215449, 54519, 21894, 70549, 16399, 16416, 108101, 14161, 110135, 99571, 70839, 14677, 14679, 14678, 432530, 210044, 104111, 104110, 224129, 11512, 11513, 11514, 11515, 19222, 14683, 30955, 320207, 104709, 18747, 18749, 22323, 11465, 11461, 20779, 232906, 14131, 20963, 12842, 12843, 12825, 243816, 14127, 17096, 14360, 16398, 16412, 18706, 18707, 74769, 18709, 18708, 18710, 16822, 234779, 12229, 22371, 14729, 14723, 14724, 54368, 11651, 11652, 23797, 18127, 60596, 234889, 239134, 54195, 19091, 19092, 26416, 19094, 29857, 26415, 26413, 26417, 329502, 18783, 211429, 232889, 78390, 271844, 19224, 21391, 20619, 22320",0.1137446866753567
mmu00640,       Propanoate metabolism - Mus musculus (house mouse),31,1,"68738, 60525, 380660, 12039, 12040, 13171, 13382, 11409, 80911, 11430, 97212, 74147, 93747, 227095, 107476, 100705, 56690, 268860, 110821, 66904, 52665, 73724, 17850, 56451, 20917, 20916, 104776, 16828, 16832, 16833, 106557",0.13369547951750202
mmu00020,       Citrate cycle (TCA cycle) - Mus musculus (house mouse),32,1,"12974, 71832, 104112, 11429, 11428, 15926, 269951, 15929, 67834, 170718, 243996, 18293, 239017, 78920, 13382, 56451, 20917, 20916, 66945, 67680, 66052, 66925, 14194, 17449, 17448, 18563, 18534, 74551, 18597, 18598, 68263, 235339",0.13769935189686955
mmu00052,       Galactose metabolism - Mus musculus (house mouse),32,1,"319625, 14635, 14430, 74246, 216558, 72157, 66681, 15277, 212032, 15275, 216019, 103988, 14377, 14378, 68401, 12091, 226413, 16770, 14595, 53418, 11605, 11997, 14187, 11677, 67861, 18641, 18642, 56421, 232714, 14387, 76051, 69983",0.13769935189686955
mmu05017,       Spinocerebellar ataxia - Mus musculus (house mouse),141,2,"22065, 14816, 14682, 18795, 18797, 18798, 18796, 18750, 18751, 18752, 14799, 14800, 53623, 12286, 16438, 16439, 16440, 20239, 233871, 110616, 20190, 18610, 14810, 14811, 14812, 14813, 14814, 242443, 170483, 215999, 22333, 22334, 22335, 11739, 11740, 73333, 105675, 13063, 13067, 69597, 114896, 67013, 74143, 14169, 20743, 26443, 19166, 26441, 26444, 73677, 26442, 26440, 19167, 19175, 19177, 26446, 26445, 19173, 19170, 19172, 19181, 19179, 23996, 67089, 19182, 19184, 21762, 70247, 22123, 67151, 66997, 69077, 66413, 17463, 23997, 19185, 59029, 57296, 56436, 20422, 78943, 22030, 26408, 26419, 26420, 26414, 20238, 52335, 81601, 19883, 11937, 53313, 11938, 20513, 71722, 80912, 80913, 21374, 237336, 227606, 19664, 19668, 20683, 229906, 18044, 22433, 17927, 56717, 22241, 29869, 68118, 51897, 12421, 228361, 56208, 75669, 100504663, 641340, 225326, 329015, 76559, 52639, 74781, 16504, 56543, 19699, 22359, 13131, 18706, 18707, 74769, 18709, 18708, 18710, 11651, 11652, 23797, 226153, 54138, 65115, 67134",0.1383241191365932
mmu00500,       Starch and sucrose metabolism - Mus musculus (house mouse),35,1,"232714, 14387, 76051, 69983, 216558, 18605, 209558, 14936, 232493, 27357, 74185, 19309, 110078, 110095, 77559, 11722, 100043684, 109959, 100043688, 100043686, 545562, 100043207, 58866, 72157, 66681, 15277, 212032, 15275, 216019, 103988, 14377, 14378, 68401, 70974, 14751",0.14960119310838355
mmu00250,"       Alanine, aspartate and glutamate metabolism - Mus musculus (house mouse)",39,1,"14718, 76615, 14719, 14204, 100470, 100328588, 73988, 70503, 66514, 27053, 52633, 108682, 76282, 11611, 268782, 11898, 109900, 11565, 11566, 11564, 269642, 108653, 194237, 53320, 11484, 14415, 14417, 268860, 214579, 14661, 212647, 14645, 69719, 216456, 14660, 227231, 14583, 14584, 231327",0.16521726038900045
mmu04150,       mTOR signaling pathway - Mus musculus (house mouse),158,2,"20539, 17254, 268706, 11964, 11966, 110935, 66335, 68775, 73834, 11973, 74915, 66144, 66237, 66290, 338375, 108664, 66508, 83409, 56692, 66096, 68576, 216805, 216742, 329679, 68441, 245670, 52187, 54170, 230784, 71962, 80909, 252875, 72124, 268933, 319481, 110379, 277854, 56032, 17168, 27401, 320311, 74370, 67605, 56717, 97998, 56716, 71718, 75425, 56430, 14783, 14245, 64899, 64898, 22241, 29869, 13685, 13684, 26987, 218268, 58988, 72508, 75705, 20104, 216036, 72149, 227154, 20869, 12283, 69008, 105787, 108079, 64930, 22084, 67046, 19744, 74747, 22408, 22413, 22414, 22415, 22416, 22417, 22418, 22419, 22420, 22421, 22422, 20890, 22423, 216795, 22412, 22410, 22409, 22411, 93735, 14362, 14369, 57265, 14365, 14366, 14367, 14370, 14368, 93897, 14371, 16973, 16974, 13544, 13542, 13543, 56637, 21926, 21937, 16150, 16334, 16333, 16000, 16337, 16001, 14784, 20662, 20663, 15461, 16653, 18176, 109880, 110157, 26395, 26396, 26413, 26417, 110651, 20111, 20112, 67071, 16367, 18709, 18708, 18710, 18706, 18707, 74769, 19211, 18607, 11651, 11652, 23797, 12675, 227743, 78757, 109270, 72446, 11848, 67653, 18750, 18751, 18752, 20393",0.16555748383289492
mmu00350,       Tyrosine metabolism - Mus musculus (house mouse),40,1,"14718, 76615, 14719, 234724, 14204, 100470, 100328588, 73988, 15445, 15233, 14874, 14085, 22173, 21823, 13190, 22178, 13195, 13166, 18948, 12846, 791260, 17161, 109731, 11754, 237940, 11670, 67689, 621603, 73458, 11522, 11529, 26876, 11532, 22018, 213043, 11761, 71872, 71724, 68636, 17319",0.1690766350520194
mmu05033,       Nicotine addiction - Mus musculus (house mouse),40,1,"22348, 11440, 12286, 12287, 11438, 11444, 14394, 14395, 14396, 14397, 110886, 14399, 14400, 14402, 14401, 14405, 14406, 14407, 14403, 14404, 57249, 216643, 14408, 14409, 328699, 140919, 216227, 72961, 11441, 14810, 14811, 14812, 14813, 14814, 242443, 170483, 14799, 14800, 53623, 14802",0.1690766350520194
mmu00620,       Pyruvate metabolism - Mus musculus (house mouse),44,1,"68738, 60525, 18597, 18598, 68263, 235339, 13382, 11522, 11529, 26876, 11532, 58810, 18746, 18770, 107476, 100705, 66204, 75572, 11669, 11671, 72535, 110695, 56752, 74156, 16828, 16832, 16833, 106557, 52815, 109801, 14651, 76238, 107029, 17436, 109264, 18563, 17449, 17448, 14194, 18534, 74551, 110460, 110446, 224530",0.18433798951843597
mmu00520,       Amino sugar and nucleotide sugar metabolism - Mus musculus (house mouse),52,1,"81600, 71884, 229688, 15211, 15212, 56174, 245847, 26384, 67980, 15277, 212032, 15275, 216019, 14583, 14584, 54342, 109785, 69976, 107652, 227620, 50798, 19703, 94181, 67311, 74091, 12764, 12763, 72017, 109754, 320635, 230582, 266690, 123956256, 67883, 103988, 72157, 66681, 216558, 22235, 14635, 14430, 74246, 14751, 110119, 54128, 29858, 331026, 69080, 218138, 22122, 234730, 75540",0.21403169664168384
mmu00600,       Sphingolipid metabolism - Mus musculus (house mouse),55,1,"20773, 268656, 228677, 70750, 93898, 76893, 67260, 545975, 241447, 71949, 11886, 54447, 230379, 171168, 66190, 70059, 13244, 619326, 208449, 74442, 20597, 20598, 58994, 77626, 238011, 223753, 19012, 50784, 67916, 81535, 433323, 56632, 20698, 20397, 22234, 14466, 230101, 56386, 56336, 12091, 22239, 14420, 53897, 11883, 18010, 50877, 241159, 23956, 11605, 14421, 15211, 15212, 14667, 19156, 76943",0.22488829101783997
mmu04720,       Long-term potentiation - Mus musculus (house mouse),67,1,"14799, 14800, 432530, 11514, 18747, 18749, 58200, 19045, 19046, 19047, 434233, 108058, 12325, 12323, 12322, 223864, 109905, 215449, 19057, 19055, 19056, 19058, 19059, 14810, 14811, 14812, 14813, 14814, 12288, 12313, 80796, 12315, 12314, 70405, 494124, 75600, 12914, 328572, 11911, 12326, 15461, 16653, 18176, 11836, 109880, 110157, 26395, 26396, 26413, 26417, 110651, 20111, 20112, 67071, 16438, 16439, 16440, 18750, 18751, 18752, 14816, 108071, 14682, 18795, 18797, 18798, 18796",0.26684744124146353
mmu04020,       Calcium signaling pathway - Mus musculus (house mouse),254,2,"20541, 110891, 110893, 67972, 320707, 381290, 11941, 12669, 12671, 213788, 11540, 11541, 11554, 11555, 11556, 13488, 13492, 15466, 15562, 15563, 15564, 15565, 15566, 14683, 14680, 432530, 210044, 104111, 104110, 11513, 11514, 11515, 18747, 18749, 18821, 66402, 69563, 100039078, 67704, 68528, 11937, 53313, 11938, 15464, 20866, 116873, 109305, 269717, 269999, 12288, 12289, 54652, 12292, 12286, 12287, 12290, 12291, 58226, 239556, 11441, 14810, 14811, 14812, 14813, 14814, 242443, 170483, 18436, 231602, 228139, 18438, 94045, 18440, 18439, 20190, 20191, 20192, 76757, 12372, 12373, 65973, 58861, 70086, 243764, 11549, 11548, 11550, 11607, 11608, 13617, 13618, 14062, 14816, 108071, 14829, 15465, 15558, 15559, 15560, 16867, 18216, 18430, 54140, 26361, 57260, 19204, 19216, 19218, 19220, 12061, 12062, 21336, 21337, 21338, 21390, 22045, 170732, 12425, 12426, 12767, 14682, 14672, 14675, 14676, 13645, 21802, 18590, 18591, 54635, 71785, 14164, 14173, 14174, 14175, 14176, 14178, 14179, 14180, 14165, 80903, 14171, 14172, 80857, 67112, 14177, 14170, 56636, 64654, 22339, 22340, 22341, 14205, 18048, 18049, 15234, 15235, 14573, 13649, 13866, 13867, 13869, 18595, 18596, 14182, 14183, 14184, 14186, 14254, 14257, 16542, 18211, 18212, 18213, 17295, 19882, 19713, 18799, 72469, 18802, 18795, 18797, 18798, 18796, 18803, 234779, 74055, 114875, 16438, 16439, 16440, 12494, 252972, 233979, 94178, 68279, 171166, 56632, 20698, 215999, 22333, 22334, 22335, 11739, 11740, 73333, 105675, 21924, 21925, 12313, 80796, 12315, 12314, 70405, 494124, 75600, 18682, 68961, 110094, 18679, 102093, 107589, 213435, 228785, 238564, 215303, 52163, 108058, 12325, 12323, 12322, 12326, 19057, 19055, 19056, 19058, 19059, 21425, 18018, 18019, 18021, 73181, 18125, 18126, 18127, 18573, 18574, 18575, 19229, 320404, 228550, 233011, 18750, 18751, 18752",0.3278661743455697
mmu04727,       GABAergic synapse - Mus musculus (house mouse),90,1,"105727, 67760, 216456, 14660, 14415, 14417, 22348, 268860, 14394, 14395, 14396, 14397, 110886, 14399, 14400, 14402, 14401, 14405, 14406, 14407, 14403, 14404, 57249, 216643, 18747, 18749, 20779, 18750, 18751, 18752, 15114, 57436, 56486, 93739, 18195, 70827, 227120, 268566, 57138, 14408, 14409, 328699, 12286, 12287, 12288, 12289, 54652, 12292, 54393, 242425, 14677, 14679, 14678, 14681, 14688, 14693, 14695, 14696, 14697, 14702, 14704, 14706, 14707, 102633809, 14708, 14709, 14700, 66066, 14701, 100503710, 64337, 14699, 14710, 432530, 210044, 104111, 104110, 224129, 11512, 11513, 11514, 11515, 16522, 232333, 14412, 243616, 14411, 14645, 76257, 209837",0.341073042691587
mmu05032,       Morphine addiction - Mus musculus (house mouse),92,1,"18390, 13488, 432530, 210044, 104111, 104110, 224129, 11512, 11513, 11514, 11515, 22348, 16519, 16522, 16524, 16521, 12286, 12287, 14394, 14395, 14396, 14397, 110886, 14399, 14400, 14402, 14401, 14405, 14406, 14407, 14403, 14404, 57249, 216643, 14408, 14409, 328699, 54393, 242425, 14677, 14679, 14678, 14681, 14688, 14693, 14695, 14696, 14697, 14702, 14704, 14706, 14707, 102633809, 14708, 14709, 14700, 66066, 14701, 100503710, 64337, 14699, 14710, 14683, 110355, 320129, 14772, 14773, 26385, 109689, 216869, 18750, 18751, 18752, 18747, 18749, 18573, 18574, 18575, 207728, 54611, 18576, 18577, 18578, 110385, 238871, 18583, 29863, 218461, 18584, 23984, 241489, 11539",0.3471637288751483
mmu04713,       Circadian entrainment - Mus musculus (house mouse),99,1,"14810, 14811, 14812, 14813, 14814, 12313, 80796, 12315, 12314, 70405, 494124, 75600, 108058, 12325, 12323, 12322, 18125, 26413, 26417, 73086, 12912, 16438, 16440, 20190, 20191, 20192, 70729, 19416, 14677, 14679, 14678, 14681, 14688, 14693, 14695, 14696, 14697, 14702, 14704, 14706, 14707, 102633809, 14708, 14709, 14700, 66066, 14701, 100503710, 64337, 14699, 14710, 14799, 14800, 53623, 14802, 12291, 58226, 239556, 11516, 11517, 14683, 432530, 210044, 104111, 104110, 224129, 11512, 11513, 11514, 11515, 271639, 18747, 18749, 60596, 234889, 239134, 54195, 19091, 19092, 12288, 12289, 244701, 17773, 14682, 18795, 18797, 18798, 18796, 18750, 18751, 18752, 16519, 16521, 16522, 16524, 18626, 18627, 18628, 14281",0.3680447618444544
mmu04916,       Melanogenesis - Mus musculus (house mouse),100,1,"18976, 50518, 17199, 14683, 432530, 210044, 104111, 104110, 224129, 11512, 11513, 11514, 11515, 18747, 18749, 12912, 12913, 26427, 208647, 208677, 78284, 12914, 328572, 17342, 22408, 22413, 22414, 22415, 22416, 22417, 22418, 22419, 22420, 22421, 22422, 20890, 22423, 216795, 22412, 22410, 22409, 22411, 93735, 14362, 14369, 57265, 14365, 14366, 14367, 14370, 14368, 93897, 14371, 14681, 14682, 13544, 13542, 13543, 56637, 12387, 21414, 21415, 21416, 16842, 17311, 16590, 15461, 16653, 18176, 110157, 26395, 26396, 26413, 26417, 22173, 22178, 13190, 13614, 13618, 14677, 14679, 14678, 18795, 18797, 18798, 18796, 12313, 80796, 12315, 12314, 70405, 494124, 75600, 108058, 12325, 12323, 12322, 18750, 18751, 18752",0.37097319204906737
mmu04922,       Glucagon signaling pathway - Mus musculus (house mouse),104,1,"11651, 11652, 23797, 18576, 14526, 14527, 14683, 210044, 18747, 18749, 12912, 11909, 11911, 12913, 26427, 208647, 208677, 78284, 231991, 104570, 245509, 245511, 68734, 56420, 74343, 235344, 12914, 328572, 19017, 17691, 14682, 18795, 18797, 18798, 18796, 16438, 16439, 16440, 19057, 19055, 19056, 19058, 19059, 108058, 12325, 12323, 12322, 56458, 93759, 19013, 15469, 14377, 14378, 68401, 18534, 74551, 12894, 12895, 78070, 14936, 232493, 110094, 18679, 102093, 18682, 68961, 12313, 80796, 12315, 12314, 70405, 494124, 75600, 19309, 110078, 110095, 18639, 105787, 108079, 19079, 108097, 19082, 241113, 108099, 107476, 100705, 20525, 20526, 103988, 14121, 14120, 18641, 18642, 56421, 18648, 56012, 18746, 18597, 18598, 68263, 16828, 16832, 16833, 106557",0.3825529492733606
mmu04931,       Insulin resistance - Mus musculus (house mouse),110,1,"16334, 16333, 110651, 20111, 20112, 67071, 19045, 19046, 19047, 434233, 140491, 53412, 244416, 228966, 105651, 16337, 16367, 19246, 19247, 19268, 18706, 18707, 74769, 18709, 18708, 18710, 11651, 11652, 23797, 56717, 58988, 72508, 18751, 16193, 20848, 12702, 56637, 14936, 232493, 21926, 21937, 26419, 26420, 26414, 16150, 18035, 18033, 19697, 18127, 18762, 210789, 20528, 105787, 108079, 19079, 108097, 19082, 241113, 108099, 100705, 12895, 11606, 26457, 26569, 26458, 26568, 26459, 225579, 12491, 18761, 18753, 110854, 20787, 384783, 228775, 19309, 110078, 110095, 56458, 18534, 74551, 14377, 14378, 68401, 20526, 22259, 22260, 170826, 21428, 208104, 58805, 12894, 18754, 19017, 19013, 18607, 19211, 76055, 108155, 20525, 14583, 14584, 74343, 12912, 12913, 26427, 208647, 208677, 78284, 231991",0.39952735699017455
mmu04066,       HIF-1 signaling pathway - Mus musculus (house mouse),116,1,"16193, 16194, 20848, 21898, 15978, 15979, 15980, 19697, 18033, 16334, 16333, 13645, 16000, 16337, 13649, 16001, 13866, 26395, 26396, 26413, 26417, 17346, 17347, 18706, 18707, 74769, 18709, 18708, 18710, 11651, 11652, 23797, 56717, 13685, 13684, 26987, 218268, 58988, 72508, 20104, 216036, 15251, 22346, 56438, 67923, 102631956, 102637110, 67673, 71745, 112407, 112406, 112405, 11863, 12914, 328572, 13058, 18803, 234779, 18750, 18751, 18752, 108058, 12325, 12323, 12322, 21857, 17000, 13856, 22041, 71775, 22042, 22339, 14254, 18787, 11600, 11601, 11602, 21687, 13614, 18126, 18127, 15368, 230899, 20525, 228026, 15277, 212032, 15275, 216019, 18641, 18642, 56421, 14433, 115487111, 11674, 230163, 11676, 353204, 79459, 13806, 13807, 13808, 433182, 18655, 18663, 170768, 16828, 16832, 16833, 106557, 12043, 12575, 12576, 18597, 18598, 68263",0.41603889902426533
mmu04071,       Sphingolipid signaling pathway - Mus musculus (house mouse),126,1,"20773, 268656, 228677, 104725, 66183, 93898, 76893, 67260, 545975, 241447, 71949, 70059, 13244, 619326, 20597, 208449, 74442, 21926, 21937, 18201, 20598, 11886, 54447, 230379, 171168, 71609, 22030, 13033, 12122, 12028, 26408, 26419, 26420, 26414, 26416, 19094, 29857, 26415, 18762, 11651, 11652, 23797, 12043, 19052, 19053, 51792, 73699, 52432, 72930, 269643, 71978, 100039815, 100039830, 59032, 235542, 19054, 225849, 26931, 21770, 26932, 226849, 22059, 14125, 14126, 14127, 14360, 14389, 18706, 18707, 74769, 18709, 18708, 18710, 18806, 18805, 56632, 20698, 16644, 385643, 11539, 11542, 12062, 18386, 14677, 14679, 14678, 18795, 18797, 18798, 18796, 18754, 26413, 26417, 81535, 433323, 17250, 20397, 13609, 14739, 15461, 16653, 18176, 110157, 26395, 26396, 18607, 18127, 19353, 19354, 170758, 13610, 14682, 18750, 18751, 18752, 13611, 94226, 14673, 14674, 11848, 67653, 19877, 19878, 19211, 18033, 19697",0.44256339376862
mmu04142,       Lysosome - Mus musculus (house mouse),135,1,"11975, 21871, 27060, 140494, 11972, 242341, 108664, 54411, 11984, 114143, 240283, 235380, 104082, 211329, 19025, 13030, 13032, 13033, 13034, 56464, 13035, 13036, 26898, 13038, 13039, 64139, 229445, 13040, 13041, 64138, 16541, 19141, 12751, 11605, 12091, 14387, 14466, 15932, 17939, 27419, 14420, 110006, 71665, 66848, 15211, 15212, 110173, 17159, 18010, 20690, 15586, 15587, 74468, 77042, 109685, 74409, 11883, 11881, 74008, 50917, 75612, 15931, 27029, 16889, 192654, 13423, 56629, 11432, 11433, 20597, 11886, 11593, 19156, 76943, 14667, 19063, 54397, 16783, 16784, 239739, 12514, 12512, 12492, 18145, 67963, 83429, 235504, 18173, 18174, 114128, 17775, 16792, 11305, 56325, 53599, 67464, 100862375, 20661, 12752, 211286, 72175, 52120, 58911, 432486, 214505, 27426, 16004, 17113, 12757, 74325, 67300, 11765, 11766, 11764, 11767, 11768, 108012, 11769, 252903, 11776, 11774, 11775, 55946, 64933, 11778, 11777, 108011, 67489, 11781, 11782, 106039, 260302, 74105, 94178, 56722",0.46541200038820113
mmu04022,       cGMP-PKG signaling pathway - Mus musculus (house mouse),172,1,"11607, 11608, 13617, 13618, 11549, 11548, 11550, 11551, 11552, 11553, 14682, 14672, 14673, 14674, 22068, 19057, 19055, 19056, 19058, 19059, 17258, 17259, 105980076, 17260, 17261, 18018, 18019, 18021, 73181, 20807, 14463, 140781, 17888, 18158, 230899, 18160, 18159, 230103, 19091, 19092, 12288, 12289, 54652, 12292, 16531, 16532, 16533, 72413, 100502876, 58802, 20541, 110891, 110893, 11928, 98660, 232975, 27222, 67821, 11931, 11932, 11933, 11936, 67972, 320707, 381290, 11941, 19735, 14886, 18795, 18797, 18798, 18796, 16438, 16439, 16440, 17540, 18821, 11937, 53313, 11938, 11848, 67653, 19877, 19878, 17931, 19045, 19046, 19047, 434233, 12313, 80796, 12315, 12314, 70405, 494124, 75600, 107589, 213435, 228785, 238564, 98932, 12788, 333329, 432530, 210044, 104111, 104110, 224129, 11512, 11513, 11514, 11515, 207728, 54611, 18576, 242202, 60596, 234889, 239134, 54195, 16644, 385643, 12062, 18386, 11539, 11542, 14677, 14679, 14678, 16334, 16333, 16337, 16367, 384783, 16369, 16370, 30955, 320207, 104709, 11651, 11652, 23797, 18127, 11554, 11555, 11556, 18754, 16523, 22333, 22334, 22335, 11739, 11740, 73333, 105675, 12912, 11909, 11911, 12913, 26427, 208647, 208677, 78284, 231991, 12915, 12015, 22323, 110157, 26395, 26396, 26413, 26417",0.5499841323328423
